,UID,timestamp,ESM,app_usage,walking,running,bicycle
0,701,2019-05-07,-1.1666666666666667,0.0,0.0,0.0,0.0
1,701,2019-05-08,3.3846153846153846,3.3416666666666677,0.5186111111111111,0.0,0.3452777777777778
2,701,2019-05-09,2.923076923076923,2.1947222222222234,0.8511111111111109,0.1288888888888889,0.40194444444444444
3,701,2019-05-10,3.8461538461538463,3.776388888888888,1.449722222222222,0.028333333333333335,0.5202777777777777
4,701,2019-05-11,2.769230769230769,4.724722222222225,0.6291666666666667,0.0375,0.1288888888888889
5,701,2019-05-12,4.181818181818182,2.98527777777778,1.492222222222222,0.015833333333333335,0.5744444444444444
6,701,2019-05-13,5.533333333333333,2.8547222222222217,0.8383333333333334,0.04416666666666667,0.0
7,701,2019-05-14,4.25,4.1525,2.0072222222222225,0.05333333333333333,0.2025
8,702,2019-05-07,-0.2222222222222222,0.0,0.0,0.0,0.0
9,702,2019-05-08,-1.7,4.387222222222223,3.9438888888888894,0.013055555555555556,0.2975
10,702,2019-05-09,-0.7,3.7027777777777793,1.193055555555556,0.0,0.16194444444444445
11,702,2019-05-10,0.8,5.720833333333337,1.0522222222222222,0.0,0.5175
12,702,2019-05-11,-2.3333333333333335,2.230555555555556,2.6766666666666663,0.0,0.3077777777777778
13,702,2019-05-12,-1.4444444444444444,7.401666666666672,2.4572222222222218,0.0,0.7791666666666667
14,702,2019-05-13,-1.2,3.316944444444444,1.8627777777777774,0.05972222222222222,0.9716666666666666
15,702,2019-05-14,-1.7777777777777777,3.618055555555556,1.925277777777778,0.17472222222222222,1.2580555555555557
16,703,2019-05-07,2.5714285714285716,0.0,0.0,0.0,0.0
17,703,2019-05-08,4.833333333333333,3.724444444444445,3.8958333333333335,0.0,0.06722222222222222
18,703,2019-05-09,4.4,6.174722222222223,2.549722222222222,0.0,0.1461111111111111
19,703,2019-05-10,2.3846153846153846,2.8888888888888893,1.3316666666666668,0.0,0.07111111111111111
20,703,2019-05-11,2.5555555555555554,3.417777777777777,2.8425000000000002,0.0,0.0
21,703,2019-05-12,0.09090909090909091,3.618333333333333,2.591388888888889,0.0,0.0
22,703,2019-05-13,-6.833333333333333,4.6702777777777795,2.0283333333333333,0.0,0.12583333333333332
23,703,2019-05-14,-2.75,10.203055555555554,1.261111111111111,0.0,0.0
24,704,2019-05-07,0.5,0.0,0.0,0.0,0.0
25,704,2019-05-08,-1.0,6.401666666666667,1.3250000000000002,0.0,0.5355555555555556
26,704,2019-05-09,1.625,5.095555555555555,2.889166666666666,0.07166666666666667,0.23277777777777775
27,704,2019-05-10,-0.6,6.732222222222222,4.044444444444445,0.0,0.7905555555555555
28,704,2019-05-11,1.25,2.864166666666666,2.4316666666666666,0.0,0.4438888888888889
29,704,2019-05-12,0.5,3.640555555555556,1.0458333333333332,0.0,0.9916666666666668
30,704,2019-05-13,-1.6,5.275,2.6175,0.0,0.46166666666666667
31,704,2019-05-14,0.4166666666666667,4.954722222222223,1.88,0.0,0.0
32,705,2019-05-07,1.2,0.0,0.0,0.0,0.0
33,705,2019-05-08,-1.4,5.210555555555556,3.121944444444444,0.0,0.1638888888888889
34,705,2019-05-09,-1.6,8.617222222222223,2.113055555555556,0.0,0.006666666666666667
35,705,2019-05-10,1.7272727272727273,6.9605555555555565,1.1541666666666668,0.0,0.0
36,705,2019-05-11,2.642857142857143,9.943888888888893,1.3811111111111112,0.0,0.0
37,705,2019-05-12,-1.7857142857142858,9.863055555555563,1.1519444444444444,0.0,0.0
38,705,2019-05-13,-2.5454545454545454,1.929722222222222,1.6683333333333332,0.3441666666666667,0.0
39,705,2019-05-14,-2.2,3.4044444444444455,2.4980555555555553,0.0,0.0
40,705,2019-05-15,-3.0,0.0,0.0,0.0,0.0
41,706,2019-05-07,2.75,0.0,0.0,0.0,0.0
42,706,2019-05-08,3.4545454545454546,5.6066666666666665,1.7505555555555552,0.0044444444444444444,0.34750000000000003
43,706,2019-05-09,1.5,4.650833333333339,2.316388888888889,0.021944444444444444,0.3636111111111111
44,706,2019-05-10,2.0,1.0441666666666665,0.4213888888888889,0.013611111111111112,0.26055555555555554
45,706,2019-05-11,1.1428571428571428,0.0,0.0,0.0,0.0
46,706,2019-05-12,1.8571428571428572,0.0,0.0,0.0,0.0
47,706,2019-05-13,1.7142857142857142,3.645000000000002,1.0324999999999998,0.0,0.26555555555555554
48,706,2019-05-14,2.2,4.6647222222222275,1.4461111111111111,0.022222222222222223,0.6427777777777777
49,707,2019-05-08,2.0,3.6388888888888893,0.7366666666666667,0.0,0.0
50,707,2019-05-09,1.7272727272727273,4.21527777777778,1.4575,0.0,0.0
51,707,2019-05-10,3.4545454545454546,4.889722222222222,1.426111111111111,0.0,0.0
52,707,2019-05-11,1.4545454545454546,9.261111111111108,0.01972222222222222,0.0,0.0
53,707,2019-05-12,0.2222222222222222,2.6752777777777803,1.1097222222222223,0.0,0.0
54,707,2019-05-13,0.36363636363636365,2.155277777777778,1.265277777777778,0.0,0.0
55,707,2019-05-14,1.6666666666666667,2.127222222222222,0.7816666666666667,0.0,0.0
56,708,2019-05-07,0.8888888888888888,0.0,0.0,0.0,0.0
57,708,2019-05-08,-1.4545454545454546,3.5525000000000038,1.2947222222222223,0.0,0.22916666666666666
58,708,2019-05-09,-1.5384615384615385,2.996111111111112,1.2241666666666666,0.0,0.11277777777777778
59,708,2019-05-10,2.6,6.8077777777777815,2.147222222222222,0.11916666666666667,0.09833333333333333
60,708,2019-05-11,-2.4545454545454546,3.951666666666668,0.7097222222222223,0.0,0.056944444444444436
61,708,2019-05-12,-1.3636363636363635,5.093333333333342,0.5108333333333334,0.0,0.2261111111111111
62,708,2019-05-13,-0.6666666666666666,6.3705555555555575,1.0255555555555558,0.0,0.0
63,708,2019-05-14,2.0,3.258333333333338,1.4344444444444444,0.0,0.2411111111111111
64,709,2019-05-07,1.0,0.0,0.0,0.0,0.0
65,709,2019-05-08,2.5,10.728611111111114,1.825,0.0,0.29333333333333333
66,709,2019-05-09,2.9,11.577500000000002,1.2141666666666664,0.0,0.20111111111111113
67,709,2019-05-10,2.6666666666666665,10.275833333333333,1.9874999999999996,0.0,0.026944444444444444
68,709,2019-05-11,4.0,6.133333333333338,0.7105555555555555,0.0,0.0
69,709,2019-05-12,0.8888888888888888,5.688888888888894,0.7672222222222222,0.0,0.2536111111111111
70,709,2019-05-13,0.5,8.614444444444445,0.9472222222222221,0.005277777777777778,0.40750000000000003
71,709,2019-05-14,0.3333333333333333,5.328055555555559,0.7333333333333333,0.0,0.042222222222222223
72,710,2019-05-07,0.3333333333333333,0.0,0.0,0.0,0.0
73,710,2019-05-08,1.5454545454545454,3.540555555555557,0.9519444444444444,0.0,0.0
74,710,2019-05-09,0.25,3.666666666666668,1.3116666666666665,0.0,0.0
75,710,2019-05-10,1.7857142857142858,9.54638888888889,1.222777777777778,0.0022222222222222222,0.0
76,710,2019-05-11,0.5454545454545454,6.0916666666666694,0.9502777777777777,0.0,0.004166666666666667
77,710,2019-05-12,1.0,3.38027777777778,0.3561111111111111,0.05111111111111112,0.0
78,710,2019-05-13,-0.09090909090909091,5.247500000000001,1.2036111111111112,0.0,0.01888888888888889
79,710,2019-05-14,0.8333333333333334,3.6372222222222232,1.5244444444444443,0.0,0.003611111111111111
80,711,2019-05-08,-1.0,4.5255555555555596,3.639444444444444,0.0044444444444444444,0.025
81,711,2019-05-09,-0.7,4.551666666666668,2.341944444444444,0.019444444444444445,0.15611111111111112
82,711,2019-05-10,-0.18181818181818182,3.2188888888888894,1.3488888888888892,0.0,0.0
83,711,2019-05-11,-0.125,2.353055555555556,2.5169444444444444,0.08333333333333333,0.0
84,711,2019-05-12,4.0,3.4819444444444443,2.402777777777778,0.0,0.0
85,711,2019-05-13,0.36363636363636365,4.141944444444444,2.348333333333333,0.008333333333333333,0.020833333333333332
86,711,2019-05-14,4.818181818181818,3.625000000000005,4.143611111111111,0.011944444444444445,0.026944444444444444
87,712,2019-05-08,-1.8888888888888888,2.8611111111111134,2.6447222222222226,0.0,0.2313888888888889
88,712,2019-05-09,0.2727272727272727,3.5061111111111187,4.700277777777778,0.38999999999999996,0.029166666666666667
89,712,2019-05-10,-0.25,6.470000000000002,2.1061111111111113,0.0,0.009722222222222222
90,712,2019-05-11,0.8,4.693333333333338,2.627222222222222,0.0,0.03277777777777778
91,712,2019-05-12,1.3571428571428572,9.205833333333338,0.31305555555555553,0.0,0.0
92,712,2019-05-13,1.6666666666666667,7.111388888888889,3.6025,0.0,0.2533333333333333
93,712,2019-05-14,2.5833333333333335,2.7891666666666715,1.9794444444444441,0.0,0.4483333333333333
94,713,2019-05-08,0.0,5.0680555555555555,1.9630555555555556,0.026111111111111113,0.055833333333333325
95,713,2019-05-09,2.0,4.247777777777778,2.444444444444444,0.04111111111111111,0.04694444444444445
96,713,2019-05-10,2.0,4.642222222222222,2.8616666666666664,0.0044444444444444444,0.034722222222222224
97,713,2019-05-11,-1.4,6.9925,1.6700000000000002,0.0,0.09666666666666666
98,713,2019-05-12,-1.5,4.7725,0.9561111111111107,0.04611111111111111,0.015555555555555555
99,713,2019-05-13,5.25,3.995000000000001,2.523055555555555,0.015833333333333335,0.0030555555555555557
100,713,2019-05-14,5.636363636363637,4.110000000000003,2.654166666666667,0.06166666666666667,0.06944444444444445
101,714,2019-05-07,2.0,0.0,0.0,0.0,0.0
102,714,2019-05-08,3.857142857142857,3.004166666666669,1.2008333333333334,0.0,0.2288888888888889
103,714,2019-05-09,2.2941176470588234,3.9666666666666854,1.3222222222222222,0.01611111111111111,0.11888888888888889
104,714,2019-05-10,3.375,4.717222222222231,0.7422222222222222,0.0,0.0
105,714,2019-05-11,2.7777777777777777,2.697500000000001,1.107222222222222,0.030833333333333334,0.16527777777777777
106,714,2019-05-12,4.25,3.138611111111111,0.768611111111111,0.0,0.0
107,714,2019-05-13,1.75,3.811111111111112,1.0663888888888888,0.008055555555555555,0.5288888888888889
108,714,2019-05-14,5.777777777777778,2.402222222222221,1.5327777777777778,0.0,0.0
109,714,2019-05-15,9.0,0.0,0.0,0.0,0.0
110,715,2019-05-07,6.0,0.0,0.0,0.0,0.0
111,715,2019-05-08,4.166666666666667,7.149444444444447,4.62138888888889,0.11944444444444445,0.0
112,715,2019-05-09,4.636363636363637,3.871388888888889,2.031944444444444,0.0,0.0
113,715,2019-05-10,0.0,9.106944444444444,0.7427777777777778,0.0,0.05583333333333333
114,715,2019-05-11,5.375,9.176388888888889,2.1208333333333336,0.0,0.03305555555555555
115,715,2019-05-12,1.875,7.217777777777782,3.576111111111111,0.0,0.0
116,715,2019-05-13,4.3125,8.318611111111114,3.5124999999999993,0.0030555555555555557,0.0
117,715,2019-05-14,9.0,6.752777777777781,1.021111111111111,0.0,0.0
118,716,2019-05-07,-0.3333333333333333,0.0,0.0,0.0,0.0
119,716,2019-05-08,0.8571428571428571,11.405000000000001,1.4347222222222222,0.09638888888888889,0.21277777777777782
120,716,2019-05-09,-2.857142857142857,6.705555555555554,1.1508333333333334,0.0,0.014722222222222222
121,716,2019-05-10,0.2222222222222222,5.6897222222222235,1.3294444444444444,0.003611111111111111,0.021666666666666667
122,716,2019-05-11,1.0833333333333333,7.824166666666669,1.3869444444444445,0.011666666666666667,0.06805555555555556
123,716,2019-05-12,-3.272727272727273,9.058055555555558,0.53,0.0,0.03388888888888889
124,716,2019-05-13,-7.384615384615385,6.251388888888889,0.5824999999999999,0.0,0.0
125,716,2019-05-14,-2.5555555555555554,4.691388888888889,0.6752777777777776,0.024722222222222222,0.0033333333333333335
126,717,2019-05-07,3.0,0.0,0.0,0.0,0.0
127,717,2019-05-08,1.8571428571428572,11.003611111111109,1.3344444444444445,0.0033333333333333335,0.1597222222222222
128,717,2019-05-09,2.3333333333333335,10.29138888888889,1.2441666666666666,0.02333333333333333,0.10277777777777779
129,717,2019-05-10,2.0,8.739166666666671,3.226388888888889,0.4141666666666667,0.08138888888888889
130,717,2019-05-11,2.0,10.651944444444446,0.7988888888888889,0.0,0.0
131,717,2019-05-12,5.0,7.918611111111113,0.985277777777778,0.015833333333333335,0.0
132,717,2019-05-13,0.0,13.178055555555558,0.9755555555555555,0.0125,0.07666666666666666
133,718,2019-05-08,1.8888888888888888,3.3975000000000106,2.7261111111111105,0.0,0.0
134,718,2019-05-09,3.2,3.5827777777777787,4.518888888888889,0.020555555555555556,0.0
135,718,2019-05-10,-1.2,6.4066666666666725,2.476944444444445,0.0,0.0
136,718,2019-05-11,2.4,5.073611111111115,1.6705555555555551,0.0,0.014444444444444444
137,718,2019-05-12,-0.5555555555555556,7.288888888888903,1.9416666666666669,0.0,0.0
138,718,2019-05-13,3.6,4.8727777777777845,4.4961111111111105,0.0,0.0
139,718,2019-05-14,-1.4285714285714286,3.168611111111113,3.031944444444445,0.0,0.0
140,719,2019-05-07,3.25,0.0,0.0,0.0,0.0
141,719,2019-05-08,3.411764705882353,9.827222222222227,3.4425000000000003,0.041944444444444444,0.011944444444444445
142,719,2019-05-09,3.4166666666666665,6.580000000000004,3.2888888888888888,0.0,0.0
143,719,2019-05-10,4.625,5.4180555555555605,5.01111111111111,0.0,0.17694444444444446
144,719,2019-05-11,4.846153846153846,10.544722222222227,0.8408333333333332,0.03194444444444444,0.0
145,719,2019-05-12,3.1666666666666665,8.115277777777791,2.578611111111111,0.0,0.12333333333333332
146,719,2019-05-13,2.888888888888889,8.01444444444446,3.1419444444444453,0.0,0.08555555555555555
147,719,2019-05-14,3.2,4.6038888888888945,3.1419444444444444,0.0,0.09666666666666666
148,721,2019-05-08,-0.8333333333333334,1.954444444444443,1.9397222222222221,0.35444444444444445,0.0
149,721,2019-05-09,2.3,2.5783333333333327,1.8138888888888887,0.08083333333333333,0.0
150,721,2019-05-10,-0.8333333333333334,4.221388888888891,1.6399999999999997,0.08611111111111111,0.0
151,721,2019-05-11,2.7857142857142856,3.3602777777777786,1.541388888888889,0.0,0.0125
152,721,2019-05-12,0.09090909090909091,3.095277777777777,0.7330555555555556,0.0,0.0
153,721,2019-05-13,-0.7272727272727273,3.2302777777777805,1.5802777777777774,0.0,0.15138888888888888
154,721,2019-05-14,1.1666666666666667,3.7863888888888892,1.1344444444444444,0.013055555555555556,0.03972222222222222
155,722,2019-05-07,-2.0,0.0,0.0,0.0,0.0
156,722,2019-05-08,2.6,9.644444444444444,1.7130555555555556,0.0,0.0
157,722,2019-05-09,-0.5714285714285714,12.573055555555555,1.268333333333333,0.0,0.22416666666666665
158,722,2019-05-10,1.3571428571428572,10.383611111111113,1.8722222222222225,0.03194444444444444,0.0
159,722,2019-05-11,0.5333333333333333,16.496388888888887,0.18194444444444446,0.0,0.0
160,722,2019-05-12,3.230769230769231,14.83611111111111,0.9094444444444445,0.0,0.0
161,722,2019-05-13,1.0625,12.638333333333334,1.2444444444444445,0.0,0.16083333333333333
162,722,2019-05-14,1.0833333333333333,6.720833333333338,1.7422222222222221,0.0,0.008333333333333333
163,723,2019-05-07,0.0,0.0,0.0,0.0,0.0
164,723,2019-05-08,-0.75,7.390000000000008,3.2130555555555556,0.0,0.0
165,723,2019-05-09,-0.4444444444444444,8.831944444444447,2.3252777777777776,0.0,0.0
166,723,2019-05-10,-0.8571428571428571,12.084166666666668,1.133888888888889,0.0,0.06833333333333333
167,724,2019-05-07,6.0,0.0,0.0,0.0,0.0
168,724,2019-05-08,1.5,8.83555555555556,1.9875000000000003,0.0,0.0
169,724,2019-05-09,2.3636363636363638,8.574444444444449,2.401111111111112,0.028055555555555556,0.017222222222222222
170,724,2019-05-10,1.7272727272727273,4.809722222222224,2.8611111111111107,0.010555555555555556,0.0
171,724,2019-05-11,3.5555555555555554,5.865555555555557,3.360277777777778,0.034166666666666665,0.04805555555555556
172,724,2019-05-12,3.923076923076923,7.866111111111119,1.795277777777778,0.0,0.24055555555555555
173,724,2019-05-13,3.0,6.682222222222231,1.9644444444444449,0.0,0.24138888888888888
174,724,2019-05-14,3.6666666666666665,2.8758333333333326,2.2383333333333333,0.2177777777777778,0.06
175,725,2019-05-07,0.0,0.0,0.0,0.0,0.0
176,725,2019-05-08,-0.6,2.845833333333333,1.978333333333333,0.05472222222222223,0.19611111111111112
177,725,2019-05-09,-1.7777777777777777,6.320833333333336,1.501666666666667,0.09055555555555556,0.16583333333333333
178,725,2019-05-10,-0.1111111111111111,10.888888888888891,1.8994444444444445,0.008611111111111111,0.051666666666666666
179,725,2019-05-11,3.2857142857142856,5.922500000000004,0.6933333333333334,0.11916666666666667,0.0
180,725,2019-05-13,-2.0,5.997222222222224,1.0263888888888888,0.04472222222222222,0.08416666666666667
181,725,2019-05-14,0.0,3.0302777777777785,2.916666666666667,0.06916666666666667,0.14805555555555555
182,726,2019-05-07,-3.0,0.0,0.0,0.0,0.0
183,726,2019-05-08,2.6,0.0,0.0,0.0,0.0
184,726,2019-05-09,1.5833333333333333,0.0,0.0,0.0,0.0
185,726,2019-05-10,3.4545454545454546,0.46444444444444444,0.0,0.0,0.0
186,726,2019-05-11,3.6923076923076925,8.038611111111113,0.4994444444444444,0.008055555555555555,5.197777777777776
187,726,2019-05-12,0.7,6.264444444444447,1.0466666666666666,0.04416666666666667,0.21499999999999997
188,726,2019-05-13,1.3636363636363635,7.058611111111112,1.1766666666666665,0.017777777777777778,0.13083333333333333
189,726,2019-05-14,2.1,2.7750000000000004,1.0930555555555557,0.028055555555555556,0.25833333333333336
190,727,2019-05-07,1.6666666666666667,0.0,0.0,0.0,0.0
191,727,2019-05-08,2.9166666666666665,11.790833333333342,3.8636111111111116,0.008611111111111111,0.0
192,727,2019-05-09,2.6666666666666665,5.7930555555555605,2.379722222222222,0.0913888888888889,0.0
193,727,2019-05-10,2.6,10.068333333333335,1.2341666666666666,0.075,0.0
194,727,2019-05-11,4.166666666666667,4.043888888888895,2.786388888888889,0.0,0.0
195,727,2019-05-12,0.42857142857142855,7.632777777777788,1.1058333333333334,0.0,0.0
196,727,2019-05-13,2.769230769230769,9.91611111111112,3.4733333333333327,0.0,0.0
197,727,2019-05-14,-0.06666666666666667,4.572777777777782,2.138611111111111,0.0,0.0
198,728,2019-05-08,-0.15384615384615385,5.7866666666666715,2.634722222222223,0.0,1.7658333333333334
199,728,2019-05-09,0.5454545454545454,7.273611111111119,2.260277777777778,0.042499999999999996,0.02527777777777778
200,728,2019-05-10,1.2307692307692308,4.185000000000007,4.454722222222222,0.0,0.13083333333333336
201,728,2019-05-11,0.0,6.498333333333343,1.1972222222222224,0.0,0.14055555555555557
202,728,2019-05-12,-0.18181818181818182,9.14555555555556,1.0827777777777778,0.0,0.0
203,728,2019-05-13,0.7142857142857143,5.762222222222234,1.2497222222222222,0.006388888888888889,0.09916666666666667
204,728,2019-05-14,1.25,4.9747222222222245,1.0397222222222224,0.01611111111111111,0.08638888888888888
205,729,2019-05-07,-3.0,0.0,0.0,0.0,0.0
206,729,2019-05-08,-3.4705882352941178,7.0772222222222325,2.0749999999999997,0.0,0.225
207,729,2019-05-09,-3.125,6.36416666666667,2.0311111111111115,0.024444444444444446,0.5422222222222223
208,729,2019-05-10,-2.466666666666667,4.411944444444451,1.8255555555555554,0.0,0.0
209,729,2019-05-11,-1.7272727272727273,5.883888888888896,2.5202777777777774,0.0,0.0
210,729,2019-05-12,-2.6875,6.592222222222228,1.0388888888888888,0.0,0.0
211,729,2019-05-13,-1.0769230769230769,4.383333333333343,3.417777777777777,0.0,0.0
212,729,2019-05-14,-1.2666666666666666,4.778055555555555,1.8497222222222223,0.0125,0.0
213,1501,2019-05-15,-1.25,0.0,0.0,0.0,0.0
214,1501,2019-05-16,-1.1666666666666667,5.510833333333333,1.4486111111111108,0.0,0.3891666666666667
215,1501,2019-05-17,-0.9166666666666666,6.225,0.3688888888888889,0.1597222222222222,0.0775
216,1501,2019-05-18,0.4166666666666667,5.153055555555559,0.7802777777777777,0.15583333333333332,0.015555555555555555
217,1501,2019-05-19,-2.8181818181818183,4.41027777777778,1.772777777777778,0.0,0.05472222222222222
218,1501,2019-05-20,-1.875,6.244722222222225,1.5116666666666665,0.0,0.16805555555555554
219,1501,2019-05-21,-1.4285714285714286,4.72305555555556,1.4963888888888888,0.060000000000000005,0.8772222222222221
220,1501,2019-05-22,-0.8333333333333334,5.975277777777777,1.2397222222222222,0.025,0.9158333333333334
221,1502,2019-05-15,0.7777777777777778,0.0,0.0,0.0,0.0
222,1502,2019-05-16,3.3,8.024722222222223,1.0999999999999999,0.07833333333333334,0.0
223,1502,2019-05-17,2.9166666666666665,8.535277777777768,1.9124999999999996,0.0,0.10694444444444444
224,1502,2019-05-18,3.6363636363636362,3.1725000000000003,1.5983333333333334,0.0,0.0077777777777777776
225,1502,2019-05-19,1.6,8.001944444444444,0.4405555555555556,0.0,0.0
226,1502,2019-05-20,1.0769230769230769,13.07694444444445,1.0619444444444444,0.0,0.07138888888888889
227,1502,2019-05-21,-0.3333333333333333,11.084722222222222,2.233611111111111,0.011666666666666667,0.5066666666666666
228,1502,2019-05-22,1.625,6.873888888888889,2.133333333333333,0.03777777777777778,0.2727777777777778
229,1503,2019-05-15,-2.0,0.0,0.0,0.0,0.0
230,1503,2019-05-16,2.6666666666666665,4.628055555555559,3.311944444444445,0.24388888888888888,0.6986111111111111
231,1503,2019-05-17,1.7272727272727273,8.615555555555556,1.8150000000000002,0.005833333333333334,0.9355555555555555
232,1503,2019-05-18,0.2,5.687777777777778,1.259722222222222,0.010833333333333334,0.04472222222222222
233,1503,2019-05-19,0.14285714285714285,9.052222222222225,2.9211111111111103,0.0,0.09888888888888889
234,1503,2019-05-20,-0.3333333333333333,7.054722222222228,2.7647222222222227,0.0,0.4386111111111111
235,1503,2019-05-21,1.1,9.396111111111113,1.4930555555555554,0.0,0.21944444444444444
236,1503,2019-05-22,-2.0,8.348055555555568,2.300277777777778,0.0,0.5202777777777777
237,1503,2019-05-23,1.0,0.0,0.0,0.0,0.0
238,1504,2019-05-16,-2.3636363636363638,2.4866666666666686,2.138333333333333,0.0,0.0
239,1504,2019-05-17,-1.0909090909090908,2.510277777777777,1.3544444444444446,0.05944444444444444,0.0
240,1504,2019-05-18,2.1818181818181817,0.056666666666666664,0.026111111111111113,0.0,0.0
241,1504,2019-05-19,0.5,0.0,0.0,0.0,0.0
242,1504,2019-05-20,-3.3636363636363638,2.4905555555555554,0.4875,0.0,0.02388888888888889
243,1504,2019-05-21,-1.7692307692307692,4.301944444444447,1.9008333333333334,0.0,0.05111111111111111
244,1504,2019-05-22,-1.8181818181818181,1.8952777777777792,1.4641666666666668,0.0,0.0
245,1505,2019-05-15,9.0,0.0,0.0,0.0,0.0
246,1505,2019-05-16,0.08333333333333333,5.685277777777776,1.0638888888888889,0.0,0.0
247,1505,2019-05-17,7.5,5.227222222222224,4.440833333333333,0.0,0.0
248,1505,2019-05-18,8.6,3.023055555555556,1.1794444444444445,0.0,0.0
249,1505,2019-05-19,5.5,6.51555555555556,1.2647222222222223,0.02638888888888889,0.07388888888888889
250,1505,2019-05-20,1.3,7.67416666666667,1.2630555555555554,0.0,0.0
251,1505,2019-05-21,0.36363636363636365,7.548333333333341,2.2433333333333336,0.0,0.3072222222222222
252,1505,2019-05-22,0.0,6.518888888888892,1.4197222222222223,0.0,0.024444444444444446
253,1506,2019-05-15,1.2,0.0,0.0,0.0,0.0
254,1506,2019-05-16,1.3076923076923077,5.3291666666666675,2.093611111111111,0.0,0.010555555555555556
255,1506,2019-05-17,3.3,11.456666666666665,1.1730555555555557,0.0,0.0
256,1506,2019-05-18,5.090909090909091,8.496388888888893,2.8969444444444443,0.0,0.009444444444444445
257,1506,2019-05-19,3.75,6.8208333333333355,1.5147222222222223,0.0,0.0
258,1506,2019-05-20,5.083333333333333,5.480555555555559,1.6549999999999998,0.0,0.01888888888888889
259,1506,2019-05-21,1.5833333333333333,8.431111111111111,1.0213888888888891,0.0,0.01
260,1506,2019-05-22,7.230769230769231,7.398333333333337,1.2491666666666665,0.0,0.0
261,1507,2019-05-15,-2.4,0.0,0.0,0.0,0.0
262,1507,2019-05-16,-3.230769230769231,11.058333333333318,3.7311111111111113,0.005,0.26583333333333337
263,1507,2019-05-17,-2.5833333333333335,6.080000000000003,1.5747222222222221,0.0,0.3688888888888889
264,1507,2019-05-18,-0.18181818181818182,10.178888888888894,1.2041666666666666,0.0,0.0
265,1507,2019-05-19,-1.6363636363636365,8.61083333333333,2.3113888888888887,0.0,0.6736111111111112
266,1507,2019-05-20,-1.6,6.380277777777777,2.0880555555555556,0.0,0.15055555555555555
267,1507,2019-05-21,-0.08333333333333333,8.395555555555557,1.515,0.0,0.5286111111111111
268,1507,2019-05-22,0.15384615384615385,10.025833333333333,1.560277777777778,0.0,0.33444444444444443
269,1508,2019-05-16,2.25,4.484722222222222,1.7491666666666665,0.0,0.055
270,1508,2019-05-17,1.5,3.2672222222222222,1.0274999999999999,0.004166666666666667,0.0
271,1508,2019-05-18,2.75,2.809722222222221,0.9541666666666668,0.007222222222222222,0.02861111111111111
272,1508,2019-05-19,-1.4,5.060277777777781,1.0602777777777774,0.0,0.01361111111111111
273,1508,2019-05-20,0.5333333333333333,3.2072222222222218,1.1597222222222225,0.0044444444444444444,0.026111111111111113
274,1508,2019-05-21,-0.07692307692307693,3.288333333333333,1.3083333333333331,0.0038888888888888888,0.07972222222222222
275,1508,2019-05-22,2.2,6.618055555555557,1.1169444444444445,0.006944444444444444,0.004166666666666667
276,1509,2019-05-15,0.5,0.0,0.0,0.0,0.0
277,1509,2019-05-16,-1.8571428571428572,4.228888888888887,0.8311111111111111,0.0,0.4166666666666667
278,1509,2019-05-17,-0.46153846153846156,3.3411111111111076,1.7950000000000002,0.011666666666666667,0.08777777777777777
279,1509,2019-05-18,-2.1818181818181817,3.102500000000001,1.4258333333333333,0.003611111111111111,0.0
280,1509,2019-05-19,0.25,5.13638888888889,1.9847222222222227,0.019444444444444445,0.11305555555555556
281,1509,2019-05-20,-2.0,4.5925,1.1533333333333335,0.0,0.14944444444444446
282,1509,2019-05-21,-2.0,5.879166666666669,0.8661111111111109,0.050833333333333335,0.39388888888888884
283,1509,2019-05-22,-1.125,6.990833333333336,0.8391666666666666,0.03833333333333333,0.3211111111111111
284,1510,2019-05-15,4.0,0.0,0.0,0.0,0.0
285,1510,2019-05-16,4.9,3.2397222222222215,0.08861111111111111,0.0,0.0
286,1510,2019-05-17,5.181818181818182,4.669444444444447,0.5205555555555555,0.0,0.020833333333333332
287,1510,2019-05-18,6.090909090909091,5.215833333333335,0.4722222222222223,0.0,0.0
288,1510,2019-05-19,5.2727272727272725,4.5569444444444445,0.7772222222222224,0.006666666666666667,0.0
289,1510,2019-05-20,5.8,5.464166666666671,0.7033333333333334,0.0,0.0
290,1510,2019-05-21,5.1,6.000000000000003,1.3713888888888888,0.0,0.0
291,1510,2019-05-22,3.7,3.9847222222222216,0.5066666666666667,0.0,0.0
292,1511,2019-05-16,1.375,6.34027777777778,2.1302777777777777,0.0,0.0
293,1511,2019-05-17,-1.1333333333333333,5.183333333333335,3.9186111111111113,0.03861111111111111,0.0
294,1511,2019-05-18,-1.6,7.205000000000002,3.398333333333333,0.0,0.3088888888888889
295,1511,2019-05-19,0.35714285714285715,4.028055555555556,4.549166666666666,0.0,0.0
296,1511,2019-05-20,-0.7142857142857143,7.892222222222229,2.888333333333333,0.0,0.0
297,1511,2019-05-21,-1.2,6.111666666666673,3.2005555555555554,0.0,0.0
298,1511,2019-05-22,0.23076923076923078,6.922777777777781,1.8844444444444441,0.0,0.0
299,1512,2019-05-15,0.0,0.0,0.0,0.0,0.0
300,1512,2019-05-16,-3.25,0.0,0.0,0.0,0.0
301,1512,2019-05-17,-2.0,0.0,0.0,0.0,0.0
302,1512,2019-05-18,1.0,0.0,0.0,0.0,0.0
303,1512,2019-05-19,-1.0,0.0,0.0,0.0,0.0
304,1512,2019-05-20,1.0,0.0,0.0,0.0,0.0
305,1512,2019-05-21,0.0,0.0,0.0,0.0,0.0
306,1512,2019-05-22,1.4,0.0,0.0,0.0,0.0
307,1513,2019-05-15,0.6666666666666666,0.0,0.0,0.0,0.0
308,1513,2019-05-16,0.6,0.0,0.0,0.0,0.0
309,1514,2019-05-15,-9.0,0.0,0.0,0.0,0.0
310,1514,2019-05-16,-1.9166666666666667,3.7897222222222235,2.215277777777778,0.0,0.7497222222222223
311,1514,2019-05-17,-1.6428571428571428,2.0622222222222217,2.5019444444444434,0.0,0.0
312,1514,2019-05-18,-1.7,2.4744444444444444,2.048333333333333,0.013888888888888888,0.0
313,1514,2019-05-19,-0.6,5.090277777777779,1.823888888888889,0.018333333333333333,0.0
314,1514,2019-05-20,-0.9090909090909091,5.542222222222224,1.6491666666666667,0.0,0.0
315,1514,2019-05-21,-1.75,7.541944444444445,1.5788888888888895,0.0,0.28555555555555556
316,1514,2019-05-22,-1.5,7.2500000000000036,1.1352777777777778,0.0,0.48138888888888887
317,1515,2019-05-15,5.0,0.0,0.0,0.0,0.0
318,1515,2019-05-16,0.8333333333333334,7.1216666666666635,2.1600000000000006,0.0,0.04972222222222222
319,1515,2019-05-17,-2.875,7.282222222222223,0.8486111111111112,0.0,0.0
320,1515,2019-05-18,-0.46153846153846156,7.4175,0.7666666666666666,0.0,0.13027777777777777
321,1515,2019-05-19,0.5333333333333333,4.905000000000005,1.2102777777777778,0.003611111111111111,0.060833333333333336
322,1515,2019-05-21,-0.07692307692307693,5.4797222222222235,1.2205555555555556,0.0,0.18861111111111112
323,1515,2019-05-22,-3.3333333333333335,3.889722222222225,0.9511111111111111,0.0,0.09305555555555556
324,1515,2019-05-23,-2.5,0.0,0.0,0.0,0.0
325,1516,2019-05-16,3.8125,6.5947222222222255,1.7091666666666667,0.0,0.14666666666666667
326,1516,2019-05-17,3.5833333333333335,5.3125,1.035,0.0,0.4136111111111111
327,1516,2019-05-18,3.9166666666666665,9.305833333333336,0.903611111111111,0.0,0.09055555555555556
328,1516,2019-05-19,2.4166666666666665,4.246666666666668,1.7727777777777778,0.03333333333333333,0.08944444444444444
329,1516,2019-05-20,0.95,7.172777777777781,0.8830555555555557,0.0,0.12722222222222224
330,1516,2019-05-21,0.1111111111111111,4.318333333333336,0.9858333333333335,0.0,0.2808333333333333
331,1516,2019-05-22,3.6666666666666665,5.733055555555561,2.038333333333333,0.021111111111111112,0.4366666666666667
332,1516,2019-05-23,3.0,0.0,0.0,0.0,0.0
333,1517,2019-05-16,3.0,9.051111111111114,2.518888888888889,0.0125,0.19666666666666666
334,1517,2019-05-17,1.6666666666666667,10.97388888888889,0.0975,0.0,0.0
335,1517,2019-05-18,0.25,5.373055555555562,3.4813888888888886,0.0,0.0
336,1517,2019-05-19,0.3076923076923077,6.575833333333337,3.0722222222222215,0.0,0.11027777777777778
337,1517,2019-05-20,-2.5454545454545454,6.27,0.9327777777777777,0.0,0.07555555555555556
338,1517,2019-05-21,-1.4545454545454546,6.329444444444445,1.815,0.0,0.06861111111111111
339,1517,2019-05-22,-2.0833333333333335,10.061666666666667,0.9969444444444446,0.0,0.05583333333333333
340,1518,2019-05-15,0.0,0.0,0.0,0.0,0.0
341,1518,2019-05-16,2.8333333333333335,5.33777777777778,5.8825,0.006944444444444444,0.0125
342,1518,2019-05-17,1.2727272727272727,8.290277777777778,3.112222222222222,0.1775,0.0
343,1518,2019-05-18,-1.0,4.97388888888889,3.3686111111111106,0.03194444444444444,0.6066666666666667
344,1518,2019-05-20,-0.8333333333333334,6.07277777777778,4.243611111111111,0.0,0.0
345,1518,2019-05-21,-0.3076923076923077,11.334166666666668,3.9166666666666674,0.17277777777777778,0.0
346,1518,2019-05-22,-1.6666666666666667,6.738611111111115,3.862222222222222,0.21444444444444444,0.3447222222222222
347,1519,2019-05-15,1.0,0.0,0.0,0.0,0.0
348,1519,2019-05-16,-0.46153846153846156,5.626388888888887,0.7305555555555556,0.0,0.0
349,1519,2019-05-17,-2.0,6.356666666666668,0.9733333333333333,0.0,0.008055555555555555
350,1519,2019-05-18,1.2727272727272727,5.7141666666666655,1.3252777777777778,0.021111111111111112,0.04638888888888889
351,1519,2019-05-19,1.8888888888888888,3.5622222222222217,0.9338888888888889,0.0,0.0
352,1519,2019-05-20,-3.5454545454545454,3.0197222222222226,0.38916666666666666,0.0,0.0
353,1519,2019-05-21,-0.16666666666666666,7.635277777777786,0.46138888888888885,0.0,0.06416666666666666
354,1519,2019-05-22,-4.4,6.314444444444446,1.6025,0.0,0.0
355,1520,2019-05-16,1.1666666666666667,6.436944444444456,2.401666666666667,0.0,0.0
356,1520,2019-05-17,1.7777777777777777,2.3463888888888875,1.9244444444444444,0.0,0.0
357,1520,2019-05-18,-0.6666666666666666,6.3575000000000035,0.21027777777777776,0.0,0.0
358,1520,2019-05-19,0.1111111111111111,6.516666666666671,1.7049999999999998,0.0,0.295
359,1520,2019-05-20,1.6923076923076923,4.621111111111116,3.200833333333334,0.0,0.0
360,1520,2019-05-21,-0.2,8.250277777777777,2.1858333333333335,0.0,0.0
361,1520,2019-05-22,1.0,6.240555555555562,2.201388888888889,0.0,0.01972222222222222
362,1521,2019-05-15,1.0,0.0,0.0,0.0,0.0
363,1521,2019-05-16,-0.4166666666666667,6.654722222222225,1.4619444444444443,0.16,0.0
364,1521,2019-05-17,-1.8666666666666667,6.086944444444444,3.495833333333334,0.10444444444444445,0.11777777777777777
365,1521,2019-05-18,-1.3,5.749166666666669,0.9738888888888888,0.08083333333333333,0.0
366,1521,2019-05-19,-0.38461538461538464,5.642500000000003,1.6166666666666667,0.049444444444444444,0.0
367,1521,2019-05-20,-1.0833333333333333,5.508055555555556,1.0755555555555554,0.017777777777777778,0.0
368,1521,2019-05-21,0.38461538461538464,6.500833333333333,1.369722222222222,0.02861111111111111,0.05416666666666667
369,1521,2019-05-22,2.272727272727273,8.936666666666671,1.2258333333333333,0.006944444444444444,0.015277777777777779
370,1522,2019-05-16,3.9,9.295555555555556,1.202222222222222,0.0,0.1425
371,1522,2019-05-17,-1.0,3.5611111111111127,1.6008333333333333,0.13555555555555557,0.2661111111111111
372,1522,2019-05-18,1.7,5.059444444444444,2.783333333333333,0.014722222222222222,0.3047222222222222
373,1522,2019-05-19,2.5,7.859722222222224,2.3341666666666665,0.0,0.035555555555555556
374,1522,2019-05-20,0.6,8.330833333333336,1.4072222222222224,0.029444444444444447,0.3611111111111111
375,1522,2019-05-21,-2.769230769230769,11.406111111111114,2.586388888888889,0.19888888888888887,0.5838888888888889
376,1522,2019-05-22,-1.2222222222222223,8.316944444444443,1.718055555555556,0.0,0.2544444444444445
377,1523,2019-05-15,0.0,0.0,0.0,0.0,0.0
378,1523,2019-05-16,2.7857142857142856,5.075277777777779,0.7697222222222222,0.0,0.0
379,1523,2019-05-17,0.8571428571428571,6.329722222222225,1.2755555555555558,0.0,0.0
380,1523,2019-05-18,2.0625,2.5280555555555564,0.37444444444444447,0.0,0.0
381,1523,2019-05-19,1.3571428571428572,1.8461111111111113,0.3883333333333333,0.0,0.0
382,1523,2019-05-20,-0.07142857142857142,7.034166666666669,1.2724999999999997,0.0,0.0
383,1523,2019-05-21,1.1428571428571428,2.9605555555555565,0.6044444444444445,0.0,0.0
384,1523,2019-05-22,0.6470588235294118,8.749444444444448,1.8997222222222225,0.0,0.0
385,1525,2019-05-16,3.625,6.379444444444448,1.8505555555555555,0.034166666666666665,0.6147222222222222
386,1525,2019-05-17,2.090909090909091,3.854722222222223,1.231388888888889,0.0125,0.9869444444444445
387,1525,2019-05-18,1.4285714285714286,8.05166666666667,0.7794444444444446,0.0,0.3622222222222222
388,1525,2019-05-19,3.230769230769231,7.206944444444451,0.3047222222222223,0.0,0.0
389,1525,2019-05-20,0.16666666666666666,5.771944444444451,1.628333333333333,0.0,0.23305555555555557
390,1525,2019-05-21,1.0,8.019722222222235,1.6800000000000002,0.0,0.4733333333333333
391,1525,2019-05-22,0.4166666666666667,6.5205555555555605,1.5933333333333335,0.0,0.5366666666666666
392,1526,2019-05-15,1.0,0.0,0.0,0.0,0.0
393,1526,2019-05-16,0.18181818181818182,3.941944444444445,1.0630555555555556,0.0,0.5130555555555554
394,1526,2019-05-17,-2.3636363636363638,3.642777777777779,1.0366666666666666,0.0,0.44
395,1526,2019-05-18,-1.9230769230769231,3.9113888888888884,0.7119444444444444,0.0,0.3191666666666667
396,1526,2019-05-19,-1.3,4.161111111111112,1.0080555555555555,0.0,0.3269444444444445
397,1526,2019-05-20,-1.7142857142857142,4.112222222222224,2.2800000000000007,0.0,0.6372222222222222
398,1526,2019-05-21,2.1,2.6527777777777772,0.8491666666666666,0.0,0.35527777777777775
399,1526,2019-05-22,0.17647058823529413,4.685833333333336,1.6644444444444448,0.0,0.8372222222222222
400,1526,2019-05-23,2.0,0.0,0.0,0.0,0.0
401,1527,2019-05-16,0.6,8.495555555555562,3.1350000000000002,0.05361111111111111,0.1238888888888889
402,1527,2019-05-17,2.2,9.59416666666667,1.6024999999999998,0.4263888888888889,0.08388888888888889
403,1527,2019-05-18,3.25,8.546666666666674,3.709166666666667,0.0,1.5633333333333335
404,1527,2019-05-19,3.4285714285714284,12.58,2.806944444444445,0.3172222222222222,0.0
405,1527,2019-05-20,1.7,10.839444444444448,3.4911111111111115,0.034444444444444444,0.2897222222222222
406,1527,2019-05-21,2.375,8.12027777777778,2.3997222222222216,0.0,0.4227777777777778
407,1527,2019-05-22,3.0,10.177777777777766,1.6088888888888888,0.10027777777777777,0.891111111111111
408,1541,2019-05-16,0.9166666666666666,3.424444444444444,0.5683333333333334,0.0,0.0
409,1541,2019-05-17,-0.8333333333333334,3.696944444444444,1.3191666666666666,0.030555555555555558,0.0
410,1541,2019-05-18,2.4166666666666665,2.0494444444444437,0.42499999999999993,0.0,0.0
411,1541,2019-05-19,2.0714285714285716,6.470833333333335,1.05,0.016666666666666666,0.0
412,1541,2019-05-20,2.1875,6.17916666666667,2.175,0.0,0.0
413,1541,2019-05-21,0.8,4.283055555555556,1.6116666666666666,0.021111111111111112,0.0
414,1541,2019-05-22,0.42857142857142855,6.417777777777783,2.4713888888888893,0.02777777777777778,0.0
415,1541,2019-05-23,-0.4444444444444444,0.0,0.0,0.0,0.0
416,3001,2019-04-30,0.45454545454545453,6.735555555555558,1.5447222222222219,0.0,0.0
417,3001,2019-05-01,0.8,8.88527777777776,4.094444444444444,0.0,0.0
418,3001,2019-05-02,0.7142857142857143,4.477500000000007,2.457222222222222,0.0,0.0
419,3001,2019-05-03,0.1111111111111111,5.676944444444449,1.243888888888889,0.0,0.13555555555555557
420,3001,2019-05-04,0.6363636363636364,7.73805555555556,0.4494444444444444,0.0,0.011944444444444445
421,3001,2019-05-05,0.2,7.25138888888889,0.18388888888888888,0.0,0.0
422,3001,2019-05-06,0.25,6.673888888888893,0.8913888888888889,0.0,0.008333333333333333
423,3002,2019-04-30,2.3,4.666388888888896,5.511666666666668,0.0,0.0
424,3002,2019-05-01,-0.7272727272727273,5.605833333333339,3.385,0.0,0.0
425,3002,2019-05-02,1.8,4.883055555555565,5.399444444444445,0.0,0.0
426,3002,2019-05-03,1.4615384615384615,10.134444444444444,3.1211111111111114,0.0,0.0
427,3002,2019-05-04,2.4285714285714284,4.343333333333342,6.393055555555554,0.0,0.0
428,3002,2019-05-05,0.375,15.501944444444447,2.5011111111111113,0.0,0.0
429,3002,2019-05-06,-1.1428571428571428,3.7933333333333334,0.3922222222222222,0.0,0.0
430,3003,2019-04-30,3.0,6.540277777777779,1.9538888888888888,0.0,0.0
431,3003,2019-05-01,-1.6666666666666667,7.422222222222221,1.8199999999999998,0.0,0.3683333333333333
432,3003,2019-05-02,-0.8888888888888888,8.414444444444445,1.0825,0.03305555555555555,0.24777777777777776
433,3003,2019-05-03,1.2,3.900277777777777,1.6427777777777781,0.0,0.3636111111111111
434,3003,2019-05-04,2.5,13.5875,0.7922222222222223,0.0,0.0
435,3003,2019-05-05,3.3333333333333335,11.460833333333333,0.9569444444444445,0.0,0.008888888888888889
436,3003,2019-05-06,0.0,5.273611111111111,0.12416666666666666,0.0,0.0
437,3005,2019-04-30,1.4,10.248333333333333,2.023055555555555,0.0,0.0
438,3005,2019-05-01,1.7333333333333334,9.103611111111116,2.1091666666666664,0.007222222222222222,0.0
439,3005,2019-05-02,-0.45454545454545453,12.118055555555552,0.6580555555555556,0.0,0.0
440,3005,2019-05-03,1.9,12.0075,0.5950000000000001,0.0,0.0
441,3005,2019-05-04,1.8181818181818181,13.529722222222222,0.08,0.0,0.0
442,3005,2019-05-05,3.8333333333333335,15.405555555555555,0.4688888888888889,0.0,0.0
443,3005,2019-05-06,3.7142857142857144,5.132222222222224,1.7816666666666665,0.0,0.0
444,3007,2019-04-30,-2.0,4.739166666666667,3.571666666666667,0.0125,0.05972222222222222
445,3007,2019-05-01,-5.666666666666667,5.115555555555555,3.208611111111111,0.01361111111111111,0.0
446,3007,2019-05-02,-1.5714285714285714,3.184166666666668,3.0994444444444444,0.0,0.0
447,3007,2019-05-03,0.8,5.773333333333339,2.4886111111111116,0.0,0.051944444444444446
448,3007,2019-05-04,0.9090909090909091,2.8066666666666666,3.7722222222222226,0.0,0.03194444444444444
449,3007,2019-05-05,-3.7,3.8677777777777798,0.5555555555555555,0.0,0.0
450,3007,2019-05-06,0.625,3.9719444444444463,2.436944444444445,0.0,0.0
451,3008,2019-04-30,-0.75,0.0,0.0,0.0,0.0
452,3008,2019-05-01,-4.111111111111111,0.0,0.0,0.0,0.0
453,3008,2019-05-02,-3.5,0.0,0.0,0.0,0.0
454,3008,2019-05-03,0.8333333333333334,0.0,0.0,0.0,0.0
455,3008,2019-05-04,0.2,0.0,0.0,0.0,0.0
456,3008,2019-05-05,-1.6,0.0,0.0,0.0,0.0
457,3008,2019-05-06,-2.4,0.0,0.0,0.0,0.0
458,3009,2019-04-30,-1.1,5.723333333333334,1.4644444444444444,0.0,0.0
459,3009,2019-05-01,1.6153846153846154,7.487499999999994,1.8255555555555554,0.0,0.0
460,3009,2019-05-02,-0.35294117647058826,5.398888888888889,3.122777777777777,0.0,0.0
461,3009,2019-05-03,-1.0,9.988611111111108,1.806111111111111,0.0,0.0
462,3009,2019-05-04,-0.14285714285714285,3.152777777777779,0.9361111111111111,0.0,0.0
463,3009,2019-05-05,2.5714285714285716,0.0,0.0,0.0,0.0
464,3009,2019-05-06,0.16666666666666666,0.0,0.0,0.0,0.0
465,3010,2019-04-30,1.9285714285714286,8.4275,1.423888888888888,0.0,0.5561111111111112
466,3010,2019-05-01,2.75,4.762500000000006,1.6238888888888892,0.021111111111111112,0.4411111111111111
467,3010,2019-05-02,1.0,0.0,0.0,0.0,0.0
468,3010,2019-05-03,-0.16666666666666666,0.0,0.0,0.0,0.0
469,3010,2019-05-04,3.5454545454545454,0.0,0.0,0.0,0.0
470,3010,2019-05-05,4.3,0.0,0.0,0.0,0.0
471,3010,2019-05-06,-1.1666666666666667,0.0,0.0,0.0,0.0
472,3011,2019-04-30,2.5714285714285716,5.10194444444445,1.4538888888888888,0.008333333333333333,0.40027777777777773
473,3011,2019-05-01,0.75,4.032222222222225,1.5930555555555557,0.0,0.07916666666666666
474,3011,2019-05-02,1.0,3.5369444444444462,1.361388888888889,0.0,0.2980555555555556
475,3011,2019-05-03,2.142857142857143,2.851111111111112,5.2444444444444445,0.0,0.13305555555555557
476,3011,2019-05-04,4.333333333333333,2.1011111111111114,1.6061111111111113,0.021666666666666667,0.26805555555555555
477,3011,2019-05-05,2.1666666666666665,2.920833333333333,1.7069444444444442,0.0,0.058611111111111114
478,3011,2019-05-06,2.0,2.4555555555555557,0.355,0.0,0.05388888888888889
479,3012,2019-04-29,1.25,0.0,0.0,0.0,0.0
480,3012,2019-04-30,3.8333333333333335,2.6447222222222218,0.8422222222222222,0.0,0.6666666666666666
481,3012,2019-05-01,-1.3,6.417500000000001,0.9719444444444445,0.0,0.1436111111111111
482,3012,2019-05-02,1.8888888888888888,4.4330555555555575,2.2155555555555564,0.0,0.32
483,3012,2019-05-03,0.6,4.834444444444445,2.3188888888888894,0.014722222222222222,0.26361111111111113
484,3012,2019-05-04,0.7,5.170555555555557,2.1927777777777773,0.0,0.19499999999999998
485,3012,2019-05-05,1.625,10.158611111111114,0.6566666666666666,0.0,0.44416666666666665
486,3012,2019-05-06,0.5,7.066666666666683,1.168611111111111,0.0,0.08944444444444444
487,3013,2019-04-30,0.0,6.471944444444444,2.335277777777778,0.0,0.09666666666666666
488,3013,2019-05-01,0.875,5.235000000000002,2.5063888888888894,0.0033333333333333335,0.0
489,3013,2019-05-02,0.5,6.818888888888887,1.1577777777777778,0.0,0.0
490,3013,2019-05-03,3.125,6.603055555555554,1.8497222222222223,0.0,0.1925
491,3013,2019-05-04,2.5,7.954722222222224,1.3905555555555555,0.0,0.051111111111111114
492,3013,2019-05-05,1.3076923076923077,7.399722222222227,0.5700000000000001,0.0,0.022222222222222223
493,3013,2019-05-06,-1.1666666666666667,7.061388888888888,0.7019444444444445,0.0,0.0
494,3014,2019-04-29,1.0,0.0,0.0,0.0,0.0
495,3014,2019-04-30,-1.8,7.331666666666669,3.262222222222222,0.0,0.1388888888888889
496,3014,2019-05-01,0.9,7.000000000000008,1.428611111111111,0.0,0.29388888888888887
497,3015,2019-04-30,-1.7,4.5569444444444445,1.5238888888888888,0.0,0.0
498,3015,2019-05-01,1.3076923076923077,3.5005555555555583,2.528333333333334,0.04194444444444445,0.10277777777777777
499,3015,2019-05-02,-0.35714285714285715,3.1894444444444456,1.3844444444444444,0.0,0.034722222222222224
500,3015,2019-05-03,0.3333333333333333,3.830277777777778,1.1419444444444449,0.0,0.49916666666666676
501,3015,2019-05-04,-3.4545454545454546,4.308888888888892,0.6327777777777779,0.034166666666666665,0.04638888888888889
502,3015,2019-05-05,-1.6111111111111112,6.2538888888888895,1.0544444444444445,0.0,0.11277777777777777
503,3015,2019-05-06,-1.7727272727272727,3.756388888888889,2.154166666666667,0.0,0.015
504,3016,2019-04-30,0.8,5.001388888888886,2.018333333333333,0.014444444444444444,0.4444444444444444
505,3016,2019-05-01,0.75,2.2536111111111117,1.1999999999999997,0.0,0.03
506,3016,2019-05-02,3.25,2.7083333333333357,2.001388888888889,0.0,0.1313888888888889
507,3016,2019-05-03,2.4285714285714284,2.9327777777777775,1.2216666666666667,0.0125,0.0
508,3016,2019-05-04,1.2857142857142858,9.205555555555556,0.20611111111111113,0.0,0.0
509,3016,2019-05-05,5.3125,4.4988888888888905,2.131944444444444,0.0,0.021111111111111112
510,3016,2019-05-06,3.5,3.8425000000000016,1.5230555555555554,0.0,0.2313888888888889
511,3017,2019-04-30,0.1111111111111111,7.885277777777786,2.5155555555555558,0.0,0.1675
512,3017,2019-05-01,0.5,5.920277777777786,1.3263888888888888,0.0,0.09361111111111112
513,3017,2019-05-02,1.6,13.713888888888887,1.8825000000000003,0.029166666666666667,0.0
514,3017,2019-05-03,-3.0,8.163333333333336,1.705,0.021388888888888888,0.0
515,3017,2019-05-04,2.0,9.129722222222227,1.9283333333333335,0.0,0.012222222222222223
516,3017,2019-05-05,0.7142857142857143,6.619999999999999,1.6311111111111107,0.0,0.0425
517,3017,2019-05-06,1.3636363636363635,4.444999999999999,1.4958333333333333,0.0033333333333333335,0.0275
518,3018,2019-04-30,-2.6,3.025,0.9305555555555556,0.0,0.46416666666666667
519,3018,2019-05-01,-1.7857142857142858,7.5752777777777816,1.1330555555555557,0.0,0.49388888888888893
520,3018,2019-05-02,-0.9333333333333333,7.376388888888892,1.262222222222222,0.0,0.49916666666666665
521,3018,2019-05-03,5.769230769230769,3.992500000000003,3.819444444444445,0.04083333333333333,0.5272222222222223
522,3018,2019-05-04,1.5,5.558055555555558,1.4019444444444444,0.0,0.0675
523,3018,2019-05-05,2.5,4.6466666666666665,4.702777777777778,0.05888888888888889,0.021388888888888888
524,3018,2019-05-06,3.076923076923077,2.8597222222222243,3.501388888888889,0.0,0.21722222222222223
525,3019,2019-04-30,-0.35714285714285715,1.4241666666666664,0.41527777777777786,0.0,0.0
526,3019,2019-05-01,1.8571428571428572,3.7838888888888897,0.6908333333333333,0.0,0.36944444444444446
527,3019,2019-05-02,-1.1666666666666667,3.3330555555555663,0.6272222222222222,0.0,0.0
528,3019,2019-05-03,-0.46153846153846156,5.283055555555554,1.1741666666666666,0.0,0.0
529,3019,2019-05-04,0.07692307692307693,2.396944444444444,1.7397222222222226,0.04611111111111111,0.0
530,3019,2019-05-05,0.7272727272727273,2.843611111111111,1.4625000000000004,0.0,0.0
531,3019,2019-05-06,-0.4166666666666667,2.0238888888888886,0.056666666666666664,0.0,0.0
532,3021,2019-04-30,-0.5714285714285714,12.996944444444447,2.7855555555555562,0.0,0.008333333333333333
533,3021,2019-05-01,-0.5555555555555556,9.7775,2.803888888888889,0.0,0.16055555555555556
534,3021,2019-05-02,-2.0833333333333335,9.873333333333337,1.8169444444444447,0.0,0.1025
535,3021,2019-05-03,-4.75,10.91,1.4591666666666667,0.0,0.0
536,3021,2019-05-04,-1.7,9.27916666666667,3.8888888888888884,0.0,0.0
537,3021,2019-05-05,-1.75,8.03416666666667,5.165277777777776,0.0,0.0
538,3021,2019-05-06,-3.25,4.41361111111111,2.8869444444444445,0.0,0.0
539,3022,2019-04-30,0.7692307692307693,4.93861111111111,1.4911111111111113,0.0,0.0
540,3022,2019-05-01,-0.75,6.341944444444449,2.05,0.008333333333333333,0.005833333333333334
541,3022,2019-05-02,-0.2727272727272727,6.316111111111116,1.5947222222222224,0.0,0.0
542,3022,2019-05-03,2.8461538461538463,4.743333333333337,2.3358333333333334,0.030833333333333334,0.0975
543,3022,2019-05-04,3.7142857142857144,6.084722222222228,2.4638888888888886,0.0,0.0
544,3022,2019-05-05,3.7,3.096388888888889,0.5752777777777779,0.0125,0.0125
545,3022,2019-05-06,2.5714285714285716,5.237777777777786,2.0174999999999996,0.0,0.025277777777777777
546,3023,2019-04-30,1.2,0.0,0.0,0.0,0.0
547,3023,2019-05-01,0.125,0.0,0.0,0.0,0.0
548,3023,2019-05-02,-1.0,0.0,0.0,0.0,0.0
549,3023,2019-05-03,-0.75,0.8758333333333332,0.08416666666666667,0.0,0.0
550,3023,2019-05-04,-2.2,2.4150000000000005,2.272222222222222,0.0,0.0
551,3023,2019-05-05,-2.0,4.47027777777778,5.630000000000002,0.0,0.10611111111111111
552,3023,2019-05-06,0.125,5.068333333333334,3.6894444444444434,0.051666666666666666,0.14305555555555557
553,3024,2019-04-29,1.875,0.0,0.0,0.0,0.0
554,3024,2019-04-30,-0.5384615384615384,0.0,0.0,0.0,0.0
555,3024,2019-05-01,-0.6363636363636364,0.5797222222222221,0.3194444444444444,0.0,0.0
556,3024,2019-05-02,-0.6666666666666666,2.7741666666666682,0.7636111111111112,0.0,0.011111111111111112
557,3024,2019-05-03,1.0,2.004722222222222,1.0286111111111111,0.0,0.0
558,3024,2019-05-04,0.8888888888888888,0.0,0.0,0.0,0.0
559,3024,2019-05-05,0.2,0.0,0.0,0.0,0.0
560,3024,2019-05-06,-1.6666666666666667,2.414444444444445,0.2566666666666667,0.0,0.0
561,3025,2019-04-29,1.0,0.0,0.0,0.0,0.0
562,3025,2019-04-30,1.6666666666666667,4.39888888888889,2.1374999999999997,0.0,0.0
563,3025,2019-05-01,3.3125,7.869444444444447,2.5174999999999996,0.0,0.0
564,3025,2019-05-02,0.8571428571428571,6.499166666666671,1.9877777777777776,0.0,0.19111111111111112
565,3025,2019-05-03,0.8888888888888888,6.441388888888893,1.9213888888888888,0.0,0.30166666666666664
566,3025,2019-05-04,0.4666666666666667,5.209166666666667,3.216388888888889,0.0,0.008611111111111111
567,3025,2019-05-05,1.1176470588235294,7.513333333333339,1.8716666666666668,0.0,0.0
568,3025,2019-05-06,2.2857142857142856,3.8477777777777766,2.7780555555555555,0.0,0.13444444444444445
569,3027,2019-04-29,-0.5,0.0,0.0,0.0,0.0
570,3027,2019-04-30,-0.25,4.17666666666667,1.5136111111111112,0.0,0.016666666666666666
571,3027,2019-05-01,0.36363636363636365,3.506944444444446,1.536388888888889,0.0,0.0125
572,3027,2019-05-02,2.4285714285714284,1.3216666666666668,0.8963888888888888,0.0,0.0
573,3027,2019-05-03,-0.08333333333333333,1.037222222222222,0.0,0.0,0.0
574,3027,2019-05-04,-0.1,1.8452777777777787,0.5988888888888888,0.0,0.0
575,3027,2019-05-05,1.8333333333333333,0.0,0.0,0.0,0.0
576,3027,2019-05-06,-2.8181818181818183,0.0,0.0,0.0,0.0
577,3028,2019-04-29,4.0,0.0,0.0,0.0,0.0
578,3028,2019-04-30,0.3333333333333333,4.033055555555553,2.151666666666667,0.004166666666666667,0.023333333333333334
579,3028,2019-05-01,1.1538461538461537,6.298888888888886,4.436944444444444,0.020277777777777777,0.0
580,3028,2019-05-02,0.5454545454545454,4.235277777777781,2.903888888888889,0.0,0.0
581,3028,2019-05-03,5.454545454545454,6.020277777777782,2.749166666666666,0.0,0.0
582,3028,2019-05-04,4.375,3.238611111111111,2.0427777777777774,0.0,0.0
583,3028,2019-05-05,-1.8,5.662500000000004,3.2427777777777784,0.0,0.11722222222222221
584,3028,2019-05-06,0.0,4.409444444444446,1.165,0.0,0.0
585,3029,2019-04-29,0.0,0.0,0.0,0.0,0.0
586,3029,2019-04-30,-0.38461538461538464,7.748333333333338,1.5269444444444442,0.0,0.135
587,3029,2019-05-01,0.0,9.464722222222228,1.903888888888889,0.004166666666666667,0.05416666666666666
588,3029,2019-05-02,0.2857142857142857,5.298333333333338,2.265,0.02361111111111111,0.16916666666666666
589,3029,2019-05-03,0.15384615384615385,6.737222222222225,0.7963888888888888,0.0,0.11194444444444446
590,3029,2019-05-04,0.6,7.657500000000002,2.437777777777778,0.0,0.0
591,3029,2019-05-05,0.0,7.488333333333338,2.5288888888888894,0.0,0.0
592,3029,2019-05-06,0.3333333333333333,2.811944444444443,0.8308333333333333,0.0,0.02666666666666667
593,3030,2019-04-30,0.6666666666666666,3.15555555555556,1.831111111111111,0.02861111111111111,0.16083333333333333
594,3030,2019-05-01,3.625,4.506944444444452,1.0433333333333332,0.2633333333333333,0.010833333333333334
595,3030,2019-05-02,2.4545454545454546,5.350000000000005,1.4411111111111112,0.07555555555555556,0.20305555555555557
596,3030,2019-05-03,2.5,4.936666666666668,2.3277777777777784,0.14777777777777779,0.15833333333333333
597,3030,2019-05-04,0.6,6.361944444444448,1.4627777777777777,0.0,0.09861111111111111
598,3030,2019-05-05,1.0666666666666667,5.48388888888889,0.9158333333333333,0.01611111111111111,0.020833333333333336
599,3030,2019-05-06,3.5454545454545454,4.426666666666671,1.1269444444444445,0.04583333333333333,0.0125
600,3041,2019-05-01,0.08333333333333333,6.665833333333341,1.6577777777777778,0.02,0.07055555555555555
601,3041,2019-05-02,-2.25,9.814444444444447,1.7075000000000002,0.020555555555555556,0.0
602,3041,2019-05-03,-5.888888888888889,5.337777777777778,1.1933333333333334,0.0,0.01361111111111111
603,3041,2019-05-04,3.7777777777777777,4.740277777777776,1.4097222222222225,0.0,0.0
604,3041,2019-05-05,3.6666666666666665,3.963888888888884,1.085,0.0,0.0
605,3041,2019-05-06,-1.4285714285714286,3.859166666666664,0.6025,0.025,0.0
