,UID,timestamp,ESM,app_usage,walking,running,bicycle,sleeptime,d_state
0,701,2019-05-08,3.3846153846153846,3.341666666666668,0.5186111111111111,0.0,0.3452777777777778,07:08:31.314000,Excited
1,701,2019-05-09,2.923076923076924,2.1947222222222242,0.8511111111111109,0.1288888888888889,0.4019444444444445,12:42:34.573000,Excited
2,701,2019-05-10,3.8461538461538463,3.776388888888889,1.4497222222222217,0.028333333333333325,0.5202777777777777,07:45:05.992000,Excited
3,701,2019-05-11,2.769230769230769,4.7247222222222245,0.6291666666666667,0.0375,0.1288888888888889,09:28:44.336000,Excited
4,701,2019-05-12,4.181818181818182,2.98527777777778,1.492222222222222,0.015833333333333338,0.5744444444444444,13:52:26.611000,Excited
5,701,2019-05-13,5.533333333333332,2.8547222222222217,0.8383333333333334,0.04416666666666667,0.0,14:33:06.178000,Excited
6,701,2019-05-14,4.25,4.1525,2.0072222222222225,0.05333333333333333,0.2025,15:58:08.380000,Excited
7,702,2019-05-09,-0.7,3.7027777777777793,1.193055555555556,0.0,0.16194444444444445,08:44:16.453000,Neutral
8,702,2019-05-10,0.8,5.720833333333338,1.0522222222222222,0.0,0.5175,07:53:41.809000,Neutral
9,702,2019-05-11,-2.333333333333333,2.230555555555556,2.6766666666666663,0.0,0.3077777777777778,13:26:32.512000,level1
10,702,2019-05-12,-1.4444444444444444,7.4016666666666735,2.4572222222222218,0.0,0.7791666666666667,08:06:37.481000,level1
11,702,2019-05-13,-1.2,3.316944444444444,1.8627777777777768,0.05972222222222224,0.9716666666666666,06:44:18.293000,level1
12,702,2019-05-14,-1.7777777777777777,3.618055555555556,1.9252777777777783,0.17472222222222222,1.2580555555555557,09:33:37.779000,level1
13,703,2019-05-09,4.4,6.174722222222222,2.549722222222222,0.0,0.1461111111111111,06:30:38.158000,Excited
14,703,2019-05-10,2.3846153846153846,2.8888888888888893,1.3316666666666668,0.0,0.07111111111111111,07:57:37.519000,Excited
15,703,2019-05-11,2.5555555555555562,3.417777777777777,2.8425,0.0,0.0,06:58:44.210000,Excited
16,703,2019-05-12,0.09090909090909093,3.618333333333333,2.5913888888888894,0.0,0.0,09:09:03.222000,Neutral
17,703,2019-05-13,-6.833333333333332,4.67027777777778,2.0283333333333333,0.0,0.12583333333333332,12:23:38.945000,level3
18,703,2019-05-14,-2.75,10.203055555555554,1.2611111111111108,0.0,0.0,13:32:19.386000,level1
19,704,2019-05-08,-1.0,6.401666666666667,1.3250000000000002,0.0,0.5355555555555556,03:02:59.923000,level1
20,704,2019-05-09,1.625,5.0955555555555545,2.889166666666666,0.07166666666666667,0.2327777777777777,06:29:47.686000,Excited
21,704,2019-05-10,-0.6,6.732222222222222,4.044444444444445,0.0,0.7905555555555555,06:12:36.816000,Neutral
22,704,2019-05-11,1.25,2.8641666666666663,2.4316666666666658,0.0,0.4438888888888889,06:23:55.498000,Excited
23,704,2019-05-12,0.5,3.640555555555556,1.0458333333333332,0.0,0.9916666666666668,08:09:57.975000,Neutral
24,704,2019-05-13,-1.6,5.275,2.6175,0.0,0.4616666666666666,08:09:51.306000,level1
25,704,2019-05-14,0.4166666666666667,4.954722222222221,1.88,0.0,0.0,06:03:45.681000,Neutral
26,705,2019-05-08,-1.4,5.2105555555555565,3.1219444444444435,0.0,0.1638888888888889,03:19:23.956000,level1
27,705,2019-05-09,-1.6,8.617222222222223,2.113055555555556,0.0,0.006666666666666667,11:15:02.895000,level1
28,705,2019-05-10,1.7272727272727273,6.9605555555555565,1.1541666666666668,0.0,0.0,04:54:53.702000,Excited
29,705,2019-05-11,2.642857142857143,9.943888888888893,1.3811111111111112,0.0,0.0,12:24:20.781000,Excited
30,705,2019-05-12,-1.7857142857142858,9.863055555555563,1.1519444444444444,0.0,0.0,12:42:18.953000,level1
31,705,2019-05-13,-2.5454545454545454,1.929722222222222,1.6683333333333332,0.3441666666666667,0.0,05:32:27.176000,level1
32,705,2019-05-14,-2.2,3.4044444444444446,2.498055555555556,0.0,0.0,09:51:42.269000,level1
33,705,2019-05-15,-3.0,0.0,0.0,0.0,0.0,07:04:07.113000,level2
34,706,2019-05-09,1.5,4.650833333333339,2.316388888888889,0.021944444444444444,0.3636111111111111,06:46:01.613000,Excited
35,706,2019-05-10,2.0,1.0441666666666665,0.4213888888888889,0.013611111111111112,0.26055555555555554,06:23:11.092000,Excited
36,706,2019-05-14,2.2,4.664722222222228,1.4461111111111111,0.022222222222222227,0.6427777777777777,06:25:28.365000,Excited
37,707,2019-05-08,2.0,3.638888888888889,0.7366666666666667,0.0,0.0,03:13:25.202000,Excited
38,707,2019-05-09,1.7272727272727273,4.21527777777778,1.4575,0.0,0.0,11:13:23.769000,Excited
39,707,2019-05-10,3.4545454545454546,4.889722222222222,1.4261111111111109,0.0,0.0,12:13:24.733000,Excited
40,707,2019-05-11,1.4545454545454546,9.261111111111108,0.019722222222222214,0.0,0.0,11:41:09.973000,Excited
41,707,2019-05-12,0.2222222222222222,2.6752777777777803,1.1097222222222225,0.0,0.0,14:17:51.222000,Neutral
42,707,2019-05-13,0.3636363636363637,2.155277777777778,1.2652777777777782,0.0,0.0,16:28:56.056000,Neutral
43,707,2019-05-14,1.6666666666666667,2.1272222222222217,0.7816666666666667,0.0,0.0,19:26:54.359000,Excited
44,708,2019-05-09,-1.5384615384615383,2.996111111111112,1.2241666666666666,0.0,0.11277777777777775,12:50:48.762000,level1
45,708,2019-05-10,2.6,6.8077777777777815,2.1472222222222217,0.11916666666666667,0.09833333333333333,14:06:22.484000,Excited
46,708,2019-05-11,-2.4545454545454546,3.951666666666668,0.7097222222222223,0.0,0.056944444444444436,13:24:17.139000,level1
47,708,2019-05-12,-1.3636363636363635,5.093333333333342,0.5108333333333334,0.0,0.2261111111111111,23:31:02.879000,level1
48,708,2019-05-13,-0.6666666666666666,6.3705555555555575,1.0255555555555558,0.0,0.0,12:21:30.629000,Neutral
49,708,2019-05-14,2.0,3.2583333333333377,1.4344444444444444,0.0,0.2411111111111111,17:31:20.685000,Excited
50,709,2019-05-09,2.9,11.577500000000002,1.2141666666666664,0.0,0.2011111111111112,07:21:19.075000,Excited
51,709,2019-05-10,2.6666666666666665,10.275833333333333,1.9875,0.0,0.026944444444444444,07:57:33.170000,Excited
52,709,2019-05-11,4.0,6.133333333333337,0.7105555555555555,0.0,0.0,09:54:00.322000,Excited
53,709,2019-05-12,0.8888888888888888,5.6888888888888935,0.7672222222222222,0.0,0.2536111111111111,10:04:47.178000,Neutral
54,709,2019-05-13,0.5,8.614444444444445,0.9472222222222221,0.005277777777777778,0.4075,06:17:54.590000,Neutral
55,709,2019-05-14,0.3333333333333333,5.328055555555559,0.7333333333333333,0.0,0.042222222222222223,10:34:36.277000,Neutral
56,710,2019-05-09,0.25,3.666666666666668,1.3116666666666663,0.0,0.0,07:41:39.226000,Neutral
57,710,2019-05-10,1.7857142857142858,9.54638888888889,1.222777777777778,0.0022222222222222227,0.0,11:10:47.346000,Excited
58,710,2019-05-11,0.5454545454545454,6.091666666666669,0.9502777777777776,0.0,0.004166666666666668,09:08:35.945000,Neutral
59,710,2019-05-12,1.0,3.3802777777777795,0.3561111111111111,0.05111111111111112,0.0,18:48:21.942000,Neutral
60,710,2019-05-13,-0.09090909090909093,5.247500000000001,1.2036111111111112,0.0,0.01888888888888889,13:36:59.872000,Neutral
61,710,2019-05-14,0.8333333333333334,3.6372222222222232,1.5244444444444445,0.0,0.003611111111111111,05:25:09.793000,Neutral
62,711,2019-05-09,-0.7,4.551666666666668,2.341944444444444,0.019444444444444445,0.15611111111111112,04:34:10.958000,Neutral
63,711,2019-05-10,-0.18181818181818185,3.2188888888888894,1.3488888888888892,0.0,0.0,06:53:26.850000,Neutral
64,711,2019-05-11,-0.125,2.353055555555556,2.5169444444444444,0.08333333333333333,0.0,07:58:26.805000,Neutral
65,711,2019-05-12,4.0,3.4819444444444443,2.402777777777778,0.0,0.0,07:08:05.836000,Excited
66,711,2019-05-13,0.3636363636363637,4.141944444444444,2.348333333333333,0.008333333333333333,0.020833333333333332,07:49:21.735000,Neutral
67,711,2019-05-14,4.818181818181818,3.625000000000005,4.143611111111111,0.011944444444444443,0.026944444444444444,08:38:11.622000,Excited
68,712,2019-05-09,0.2727272727272727,3.5061111111111187,4.700277777777779,0.39,0.029166666666666667,08:43:11.177000,Neutral
69,712,2019-05-10,-0.25,6.470000000000002,2.106111111111112,0.0,0.009722222222222222,08:48:25.239000,Neutral
70,712,2019-05-11,0.8,4.693333333333338,2.6272222222222217,0.0,0.03277777777777778,10:28:57.609000,Neutral
71,712,2019-05-12,1.3571428571428572,9.205833333333338,0.31305555555555553,0.0,0.0,09:46:59.507000,Excited
72,712,2019-05-13,1.6666666666666667,7.1113888888888885,3.6025,0.0,0.2533333333333333,10:05:39.805000,Excited
73,712,2019-05-14,2.583333333333333,2.7891666666666715,1.9794444444444441,0.0,0.4483333333333333,06:25:51.047000,Excited
74,713,2019-05-09,2.0,4.247777777777778,2.444444444444444,0.04111111111111111,0.04694444444444445,06:12:14.750000,Excited
75,713,2019-05-10,2.0,4.642222222222221,2.8616666666666664,0.004444444444444445,0.034722222222222224,05:19:17.039000,Excited
76,713,2019-05-11,-1.4,6.9925,1.6700000000000002,0.0,0.09666666666666666,06:46:58.541000,level1
77,713,2019-05-12,-1.5,4.7725,0.9561111111111108,0.04611111111111111,0.015555555555555557,12:56:04.118000,level1
78,713,2019-05-13,5.25,3.995000000000001,2.523055555555555,0.015833333333333338,0.0030555555555555557,04:08:50.176000,Excited
79,713,2019-05-14,5.636363636363638,4.110000000000003,2.654166666666667,0.061666666666666675,0.06944444444444445,08:11:31.091000,Excited
80,714,2019-05-09,2.2941176470588243,3.9666666666666854,1.3222222222222222,0.01611111111111111,0.11888888888888888,08:32:20.436000,Excited
81,714,2019-05-10,3.375,4.717222222222231,0.7422222222222222,0.0,0.0,12:48:55.647000,Excited
82,714,2019-05-11,2.7777777777777777,2.697500000000001,1.107222222222222,0.03083333333333333,0.16527777777777775,07:13:51.760000,Excited
83,714,2019-05-12,4.25,3.138611111111111,0.7686111111111109,0.0,0.0,13:02:00.946000,Excited
84,714,2019-05-13,1.75,3.811111111111112,1.0663888888888888,0.008055555555555555,0.5288888888888889,05:13:42.590000,Excited
85,714,2019-05-14,5.777777777777778,2.4022222222222207,1.5327777777777778,0.0,0.0,11:06:46.350000,Excited
86,715,2019-05-09,4.636363636363637,3.8713888888888888,2.031944444444444,0.0,0.0,05:40:14.872000,Excited
87,715,2019-05-10,0.0,9.106944444444443,0.7427777777777778,0.0,0.05583333333333333,15:30:20.771000,Neutral
88,715,2019-05-11,5.375,9.176388888888887,2.1208333333333336,0.0,0.03305555555555555,05:12:35.407000,Excited
89,715,2019-05-12,1.875,7.2177777777777825,3.576111111111111,0.0,0.0,09:13:09.755000,Excited
90,715,2019-05-14,9.0,6.752777777777783,1.0211111111111109,0.0,0.0,09:32:15.177000,Excited
91,716,2019-05-09,-2.8571428571428568,6.705555555555552,1.1508333333333334,0.0,0.014722222222222222,03:41:45.967000,level1
92,716,2019-05-10,0.2222222222222222,5.6897222222222235,1.3294444444444444,0.003611111111111111,0.021666666666666667,03:42:58.403000,Neutral
93,716,2019-05-11,1.0833333333333333,7.8241666666666685,1.3869444444444443,0.011666666666666669,0.06805555555555556,07:13:40.157000,Excited
94,716,2019-05-12,-3.272727272727273,9.058055555555557,0.53,0.0,0.03388888888888888,12:26:51.424000,level2
95,716,2019-05-13,-7.384615384615384,6.251388888888887,0.5824999999999999,0.0,0.0,04:20:17.901000,level4
96,716,2019-05-14,-2.5555555555555562,4.691388888888889,0.6752777777777776,0.024722222222222225,0.0033333333333333327,10:45:23.528000,level1
97,717,2019-05-08,1.8571428571428568,11.003611111111107,1.3344444444444443,0.0033333333333333327,0.1597222222222222,07:42:06.127000,Excited
98,717,2019-05-09,2.333333333333333,10.291388888888893,1.2441666666666666,0.02333333333333333,0.1027777777777778,13:37:52.193000,Excited
99,717,2019-05-10,2.0,8.739166666666671,3.2263888888888888,0.4141666666666667,0.08138888888888889,09:02:06.272000,Excited
100,717,2019-05-11,2.0,10.651944444444446,0.7988888888888889,0.0,0.0,04:09:43.830000,Excited
101,717,2019-05-12,5.0,7.918611111111113,0.985277777777778,0.015833333333333338,0.0,16:05:15.677000,Excited
102,717,2019-05-13,0.0,13.178055555555556,0.9755555555555556,0.0125,0.07666666666666666,10:01:13.489000,Neutral
103,718,2019-05-08,1.8888888888888888,3.3975000000000097,2.7261111111111105,0.0,0.0,02:47:56.108000,Excited
104,718,2019-05-09,3.2,3.5827777777777787,4.518888888888889,0.02055555555555556,0.0,08:05:02.555000,Excited
105,718,2019-05-10,-1.2,6.4066666666666725,2.476944444444445,0.0,0.0,11:31:50.231000,level1
106,718,2019-05-11,2.4,5.073611111111116,1.6705555555555551,0.0,0.014444444444444444,13:39:22.830000,Excited
107,718,2019-05-12,-0.5555555555555556,7.288888888888903,1.9416666666666669,0.0,0.0,13:49:57.242000,Neutral
108,718,2019-05-13,3.6,4.8727777777777845,4.496111111111111,0.0,0.0,11:55:24.353000,Excited
109,718,2019-05-14,-1.4285714285714286,3.168611111111113,3.031944444444445,0.0,0.0,05:43:15.052000,level1
110,719,2019-05-09,3.4166666666666665,6.580000000000004,3.2888888888888888,0.0,0.0,07:46:58.304000,Excited
111,719,2019-05-10,4.625,5.4180555555555605,5.01111111111111,0.0,0.17694444444444446,07:55:38.303000,Excited
112,719,2019-05-11,4.846153846153847,10.544722222222227,0.8408333333333332,0.031944444444444435,0.0,12:50:39.313000,Excited
113,719,2019-05-12,3.1666666666666665,8.115277777777791,2.578611111111111,0.0,0.12333333333333332,10:11:25.983000,Excited
114,719,2019-05-13,2.888888888888889,8.01444444444446,3.1419444444444453,0.0,0.08555555555555555,04:48:15.117000,Excited
115,719,2019-05-14,3.2,4.6038888888888945,3.1419444444444444,0.0,0.09666666666666666,10:02:09.758000,Excited
116,721,2019-05-08,-0.8333333333333334,1.954444444444443,1.9397222222222217,0.35444444444444445,0.0,03:05:56.017000,Neutral
117,721,2019-05-09,2.3,2.5783333333333327,1.8138888888888889,0.08083333333333333,0.0,08:30:45.014000,Excited
118,721,2019-05-10,-0.8333333333333334,4.221388888888892,1.6399999999999997,0.08611111111111111,0.0,07:04:16.856000,Neutral
119,721,2019-05-11,2.7857142857142856,3.3602777777777786,1.5413888888888894,0.0,0.0125,09:33:12.003000,Excited
120,721,2019-05-12,0.09090909090909093,3.0952777777777767,0.7330555555555556,0.0,0.0,16:50:18.577000,Neutral
121,721,2019-05-13,-0.7272727272727273,3.2302777777777805,1.5802777777777774,0.0,0.15138888888888888,10:22:27.331000,Neutral
122,721,2019-05-14,1.1666666666666667,3.786388888888889,1.1344444444444444,0.013055555555555556,0.03972222222222222,12:26:56.937000,Excited
123,722,2019-05-09,-0.5714285714285714,12.573055555555555,1.268333333333333,0.0,0.22416666666666665,14:53:21.689000,Neutral
124,722,2019-05-10,1.3571428571428572,10.383611111111113,1.8722222222222225,0.031944444444444435,0.0,07:32:32.849000,Excited
125,722,2019-05-11,0.5333333333333333,16.496388888888887,0.18194444444444446,0.0,0.0,21:30:17.683000,Neutral
126,722,2019-05-12,3.2307692307692317,14.836111111111107,0.9094444444444444,0.0,0.0,12:38:11.422000,Excited
127,722,2019-05-13,1.0625,12.638333333333335,1.2444444444444445,0.0,0.16083333333333333,10:49:12.912000,Excited
128,722,2019-05-14,1.0833333333333333,6.720833333333338,1.742222222222222,0.0,0.008333333333333333,09:35:44.204000,Excited
129,723,2019-05-09,-0.4444444444444444,8.831944444444447,2.3252777777777776,0.0,0.0,05:57:10.787000,Neutral
130,723,2019-05-10,-0.8571428571428571,12.084166666666668,1.1338888888888892,0.0,0.06833333333333333,11:12:54.908000,Neutral
131,724,2019-05-09,2.363636363636364,8.574444444444449,2.401111111111112,0.02805555555555556,0.017222222222222222,06:36:23.580000,Excited
132,724,2019-05-10,1.7272727272727273,4.809722222222224,2.8611111111111107,0.010555555555555556,0.0,10:40:49.933000,Excited
133,724,2019-05-11,3.5555555555555562,5.865555555555559,3.3602777777777786,0.034166666666666665,0.04805555555555556,13:13:28.660000,Excited
134,724,2019-05-12,3.9230769230769234,7.866111111111119,1.7952777777777782,0.0,0.24055555555555555,11:02:44.840000,Excited
135,724,2019-05-13,3.0,6.682222222222233,1.9644444444444449,0.0,0.2413888888888889,15:14:13.300000,Excited
136,724,2019-05-14,3.6666666666666665,2.875833333333333,2.2383333333333333,0.2177777777777778,0.06,05:30:01.464000,Excited
137,725,2019-05-09,-1.7777777777777777,6.320833333333336,1.501666666666667,0.09055555555555556,0.16583333333333333,05:29:03.260000,level1
138,725,2019-05-10,-0.1111111111111111,10.888888888888893,1.8994444444444445,0.008611111111111111,0.05166666666666666,12:35:18.203000,Neutral
139,725,2019-05-11,3.2857142857142856,5.922500000000004,0.6933333333333334,0.11916666666666667,0.0,06:52:59.813000,Excited
140,725,2019-05-13,-2.0,5.997222222222224,1.0263888888888888,0.04472222222222222,0.08416666666666668,07:08:27.886000,level1
141,725,2019-05-14,0.0,3.0302777777777785,2.916666666666667,0.06916666666666668,0.14805555555555555,06:25:26.073000,Neutral
142,726,2019-05-12,0.7,6.264444444444448,1.0466666666666666,0.04416666666666667,0.215,18:07:21.841000,Neutral
143,726,2019-05-13,1.3636363636363635,7.058611111111113,1.1766666666666663,0.017777777777777778,0.13083333333333333,07:34:29.162000,Excited
144,726,2019-05-14,2.1,2.7750000000000004,1.0930555555555557,0.02805555555555556,0.25833333333333336,08:06:07.573000,Excited
145,727,2019-05-09,2.6666666666666665,5.7930555555555605,2.3797222222222216,0.0913888888888889,0.0,05:54:57.068000,Excited
146,727,2019-05-10,2.6,10.068333333333337,1.2341666666666666,0.075,0.0,11:24:13.645000,Excited
147,727,2019-05-11,4.166666666666667,4.043888888888895,2.786388888888889,0.0,0.0,02:40:06.806000,Excited
148,727,2019-05-12,0.42857142857142855,7.632777777777788,1.1058333333333334,0.0,0.0,09:22:01.177000,Neutral
149,727,2019-05-13,2.769230769230769,9.91611111111112,3.4733333333333327,0.0,0.0,05:15:56.837000,Excited
150,727,2019-05-14,-0.06666666666666668,4.572777777777782,2.1386111111111106,0.0,0.0,06:42:35.043000,Neutral
151,728,2019-05-09,0.5454545454545454,7.2736111111111175,2.260277777777778,0.0425,0.02527777777777778,03:46:18.586000,Neutral
152,728,2019-05-10,1.2307692307692308,4.185000000000007,4.454722222222221,0.0,0.13083333333333336,06:50:39.061000,Excited
153,728,2019-05-11,0.0,6.498333333333343,1.1972222222222224,0.0,0.14055555555555554,07:45:50.619000,Neutral
154,728,2019-05-12,-0.18181818181818185,9.14555555555556,1.0827777777777778,0.0,0.0,10:37:18.004000,Neutral
155,728,2019-05-13,0.7142857142857143,5.762222222222233,1.2497222222222222,0.006388888888888889,0.09916666666666668,05:20:59.553000,Neutral
156,728,2019-05-14,1.25,4.9747222222222245,1.0397222222222224,0.01611111111111111,0.08638888888888888,11:41:16.941000,Excited
157,729,2019-05-09,-3.125,6.3641666666666685,2.0311111111111115,0.024444444444444446,0.5422222222222223,11:40:27.552000,level2
158,729,2019-05-10,-2.466666666666667,4.411944444444451,1.825555555555556,0.0,0.0,14:42:37.411000,level1
159,729,2019-05-11,-1.7272727272727273,5.8838888888888965,2.5202777777777774,0.0,0.0,05:09:16.661000,level1
160,729,2019-05-12,-2.6875,6.592222222222228,1.0388888888888888,0.0,0.0,13:59:38.187000,level1
161,729,2019-05-13,-1.0769230769230769,4.383333333333344,3.417777777777777,0.0,0.0,03:18:53.563000,level1
162,729,2019-05-14,-1.2666666666666666,4.778055555555555,1.8497222222222225,0.0125,0.0,05:24:31.852000,level1
163,1501,2019-05-17,-0.9166666666666666,6.225,0.3688888888888889,0.1597222222222222,0.0775,11:19:51.904000,Neutral
164,1501,2019-05-18,0.4166666666666667,5.153055555555559,0.7802777777777777,0.15583333333333332,0.015555555555555557,09:29:12.299000,Neutral
165,1501,2019-05-19,-2.8181818181818183,4.4102777777777815,1.7727777777777782,0.0,0.05472222222222222,13:46:07.909000,level1
166,1501,2019-05-20,-1.875,6.244722222222223,1.5116666666666665,0.0,0.16805555555555554,12:31:33.534000,level1
167,1501,2019-05-21,-1.4285714285714286,4.7230555555555584,1.4963888888888888,0.06000000000000001,0.8772222222222221,09:53:21.885000,level1
168,1501,2019-05-22,-0.8333333333333334,5.975277777777778,1.2397222222222222,0.025,0.9158333333333334,07:40:06.620000,Neutral
169,1502,2019-05-17,2.9166666666666665,8.535277777777766,1.9125,0.0,0.10694444444444444,08:17:30.741000,Excited
170,1502,2019-05-18,3.6363636363636362,3.1725000000000003,1.5983333333333334,0.0,0.007777777777777778,05:03:52.646000,Excited
171,1502,2019-05-19,1.6,8.001944444444444,0.4405555555555556,0.0,0.0,08:40:06.856000,Excited
172,1502,2019-05-20,1.0769230769230769,13.076944444444447,1.0619444444444444,0.0,0.07138888888888889,08:39:51.692000,Excited
173,1502,2019-05-21,-0.3333333333333333,11.084722222222226,2.2336111111111108,0.011666666666666669,0.5066666666666666,04:14:58.499000,Neutral
174,1502,2019-05-22,1.625,6.873888888888889,2.1333333333333333,0.03777777777777778,0.2727777777777778,07:20:49.423000,Excited
175,1503,2019-05-17,1.7272727272727273,8.615555555555558,1.815,0.005833333333333335,0.9355555555555556,05:01:46.070000,Excited
176,1503,2019-05-18,0.2,5.687777777777778,1.259722222222222,0.010833333333333334,0.04472222222222222,04:21:42.607000,Neutral
177,1503,2019-05-19,0.14285714285714285,9.052222222222225,2.9211111111111103,0.0,0.09888888888888887,13:54:15.742000,Neutral
178,1503,2019-05-20,-0.3333333333333333,7.054722222222228,2.7647222222222227,0.0,0.4386111111111111,06:32:29.878000,Neutral
179,1503,2019-05-21,1.1,9.396111111111113,1.4930555555555554,0.0,0.21944444444444444,06:55:23.438000,Excited
180,1503,2019-05-22,-2.0,8.348055555555568,2.300277777777778,0.0,0.5202777777777777,06:59:17.341000,level1
181,1504,2019-05-17,-1.0909090909090908,2.5102777777777767,1.3544444444444446,0.05944444444444444,0.0,11:34:31.780000,level1
182,1504,2019-05-18,2.1818181818181817,0.05666666666666665,0.02611111111111112,0.0,0.0,10:20:52.144000,Excited
183,1504,2019-05-20,-3.3636363636363638,2.4905555555555554,0.4875,0.0,0.02388888888888889,03:16:02.141000,level2
184,1504,2019-05-21,-1.7692307692307692,4.301944444444446,1.9008333333333327,0.0,0.05111111111111112,09:23:13.109000,level1
185,1504,2019-05-22,-1.8181818181818181,1.8952777777777792,1.4641666666666668,0.0,0.0,07:08:25.852000,level1
186,1505,2019-05-17,7.5,5.227222222222224,4.440833333333333,0.0,0.0,04:41:05.626000,Excited
187,1505,2019-05-18,8.6,3.0230555555555565,1.1794444444444443,0.0,0.0,20:16:52.875000,Excited
188,1505,2019-05-19,5.5,6.51555555555556,1.2647222222222223,0.02638888888888889,0.07388888888888889,06:51:28.976000,Excited
189,1505,2019-05-20,1.3,7.67416666666667,1.2630555555555554,0.0,0.0,06:59:55.891000,Excited
190,1505,2019-05-21,0.3636363636363637,7.548333333333341,2.2433333333333336,0.0,0.3072222222222222,06:24:07.641000,Neutral
191,1505,2019-05-22,0.0,6.518888888888893,1.4197222222222223,0.0,0.024444444444444446,10:19:18.573000,Neutral
192,1506,2019-05-17,3.3,11.456666666666665,1.1730555555555555,0.0,0.0,08:41:31.833000,Excited
193,1506,2019-05-18,5.090909090909091,8.496388888888893,2.8969444444444443,0.0,0.009444444444444445,07:44:09.874000,Excited
194,1506,2019-05-19,3.75,6.820833333333336,1.5147222222222223,0.0,0.0,08:01:25.866000,Excited
195,1506,2019-05-20,5.083333333333333,5.480555555555558,1.6549999999999998,0.0,0.01888888888888889,10:23:42.030000,Excited
196,1506,2019-05-21,1.5833333333333333,8.431111111111111,1.0213888888888891,0.0,0.01,09:09:04.619000,Excited
197,1506,2019-05-22,7.230769230769233,7.398333333333337,1.2491666666666663,0.0,0.0,08:08:04.752000,Excited
198,1507,2019-05-17,-2.583333333333333,6.080000000000003,1.5747222222222217,0.0,0.3688888888888889,05:48:05.941000,level1
199,1507,2019-05-18,-0.18181818181818185,10.178888888888894,1.2041666666666666,0.0,0.0,14:09:47.560000,Neutral
200,1507,2019-05-19,-1.6363636363636365,8.61083333333333,2.3113888888888887,0.0,0.6736111111111112,10:08:30.274000,level1
201,1507,2019-05-20,-1.6,6.380277777777778,2.088055555555556,0.0,0.15055555555555555,04:53:46.918000,level1
202,1507,2019-05-21,-0.08333333333333333,8.395555555555559,1.515,0.0,0.5286111111111111,11:13:45.925000,Neutral
203,1507,2019-05-22,0.15384615384615385,10.025833333333333,1.5602777777777783,0.0,0.33444444444444443,02:34:26.843000,Neutral
204,1508,2019-05-16,2.25,4.484722222222222,1.7491666666666663,0.0,0.055,02:38:15.446000,Excited
205,1508,2019-05-18,2.75,2.809722222222221,0.9541666666666668,0.007222222222222222,0.02861111111111111,10:42:35.207000,Excited
206,1508,2019-05-19,-1.4,5.060277777777782,1.0602777777777774,0.0,0.013611111111111109,12:21:31.305000,level1
207,1508,2019-05-20,0.5333333333333333,3.2072222222222218,1.1597222222222223,0.004444444444444445,0.02611111111111112,05:43:51.280000,Neutral
208,1508,2019-05-21,-0.07692307692307693,3.288333333333333,1.3083333333333331,0.003888888888888889,0.07972222222222222,03:01:04.563000,Neutral
209,1508,2019-05-22,2.2,6.618055555555558,1.1169444444444443,0.006944444444444444,0.004166666666666668,16:42:34.286000,Excited
210,1509,2019-05-16,-1.8571428571428568,4.228888888888887,0.8311111111111111,0.0,0.4166666666666667,03:46:06.161000,level1
211,1509,2019-05-17,-0.4615384615384616,3.341111111111108,1.7950000000000002,0.011666666666666669,0.08777777777777777,16:28:29.038000,Neutral
212,1509,2019-05-18,-2.1818181818181817,3.1025000000000014,1.4258333333333333,0.003611111111111111,0.0,15:57:02.154000,level1
213,1509,2019-05-19,0.25,5.13638888888889,1.9847222222222227,0.019444444444444445,0.11305555555555555,10:54:59.763000,Neutral
214,1509,2019-05-20,-2.0,4.5925,1.1533333333333335,0.0,0.14944444444444446,07:43:00.616000,level1
215,1509,2019-05-21,-2.0,5.879166666666669,0.8661111111111109,0.050833333333333335,0.3938888888888888,09:49:57.286000,level1
216,1509,2019-05-22,-1.125,6.990833333333336,0.8391666666666666,0.03833333333333333,0.3211111111111111,07:47:08.885000,level1
217,1510,2019-05-17,5.181818181818182,4.669444444444447,0.5205555555555555,0.0,0.020833333333333332,20:54:58.204000,Excited
218,1510,2019-05-18,6.090909090909091,5.215833333333335,0.4722222222222223,0.0,0.0,19:11:31.639000,Excited
219,1510,2019-05-19,5.2727272727272725,4.5569444444444445,0.7772222222222224,0.006666666666666667,0.0,14:10:24.017000,Excited
220,1510,2019-05-20,5.8,5.464166666666671,0.7033333333333334,0.0,0.0,16:53:37.958000,Excited
221,1510,2019-05-21,5.1,6.000000000000003,1.3713888888888888,0.0,0.0,09:15:14.044000,Excited
222,1510,2019-05-22,3.7,3.9847222222222216,0.5066666666666667,0.0,0.0,18:30:57.478000,Excited
223,1511,2019-05-16,1.375,6.34027777777778,2.1302777777777777,0.0,0.0,03:57:40.058000,Excited
224,1511,2019-05-17,-1.1333333333333333,5.183333333333335,3.9186111111111113,0.03861111111111111,0.0,08:10:21.577000,level1
225,1511,2019-05-18,-1.6,7.205000000000003,3.398333333333333,0.0,0.3088888888888889,02:53:59.484000,level1
226,1511,2019-05-19,0.35714285714285715,4.028055555555556,4.549166666666666,0.0,0.0,08:12:39.593000,Neutral
227,1511,2019-05-20,-0.7142857142857143,7.892222222222228,2.888333333333333,0.0,0.0,06:27:14.889000,Neutral
228,1511,2019-05-21,-1.2,6.1116666666666735,3.2005555555555563,0.0,0.0,09:00:09.301000,level1
229,1511,2019-05-22,0.2307692307692308,6.922777777777783,1.8844444444444441,0.0,0.0,07:16:24.214000,Neutral
230,1514,2019-05-17,-1.6428571428571428,2.0622222222222217,2.5019444444444434,0.0,0.0,10:56:57.121000,level1
231,1514,2019-05-18,-1.7,2.4744444444444444,2.0483333333333333,0.013888888888888888,0.0,14:03:15.567000,level1
232,1514,2019-05-19,-0.6,5.090277777777779,1.8238888888888891,0.01833333333333333,0.0,13:27:04.171000,Neutral
233,1514,2019-05-20,-0.9090909090909092,5.542222222222224,1.649166666666667,0.0,0.0,11:24:49.879000,Neutral
234,1514,2019-05-21,-1.75,7.541944444444447,1.5788888888888897,0.0,0.2855555555555556,12:09:40.791000,level1
235,1514,2019-05-22,-1.5,7.2500000000000036,1.1352777777777778,0.0,0.4813888888888889,11:06:52.381000,level1
236,1515,2019-05-17,-2.875,7.282222222222222,0.8486111111111112,0.0,0.0,06:22:15.245000,level1
237,1515,2019-05-18,-0.4615384615384616,7.4175,0.7666666666666666,0.0,0.13027777777777774,16:12:44.039000,Neutral
238,1515,2019-05-19,0.5333333333333333,4.905000000000005,1.2102777777777778,0.003611111111111111,0.060833333333333336,07:53:31.429000,Neutral
239,1515,2019-05-21,-0.07692307692307693,5.4797222222222235,1.2205555555555556,0.0,0.18861111111111112,18:02:45.851000,Neutral
240,1515,2019-05-22,-3.333333333333333,3.889722222222225,0.9511111111111112,0.0,0.09305555555555556,04:00:56.909000,level2
241,1515,2019-05-23,-2.5,0.0,0.0,0.0,0.0,02:31:00.078000,level1
242,1516,2019-05-16,3.8125,6.5947222222222255,1.7091666666666667,0.0,0.14666666666666667,02:45:43.479000,Excited
243,1516,2019-05-17,3.583333333333333,5.3125,1.035,0.0,0.4136111111111111,08:21:52.208000,Excited
244,1516,2019-05-18,3.9166666666666665,9.305833333333336,0.9036111111111108,0.0,0.09055555555555556,12:46:36.818000,Excited
245,1516,2019-05-19,2.4166666666666665,4.246666666666668,1.7727777777777778,0.03333333333333333,0.08944444444444444,08:27:05.277000,Excited
246,1516,2019-05-20,0.95,7.172777777777783,0.8830555555555557,0.0,0.12722222222222224,09:13:44.602000,Neutral
247,1516,2019-05-21,0.1111111111111111,4.318333333333337,0.9858333333333336,0.0,0.2808333333333333,12:22:04.903000,Neutral
248,1516,2019-05-22,3.6666666666666665,5.733055555555563,2.038333333333333,0.021111111111111112,0.4366666666666667,08:15:18.436000,Excited
249,1517,2019-05-17,1.6666666666666667,10.97388888888889,0.0975,0.0,0.0,08:08:41.124000,Excited
250,1517,2019-05-18,0.25,5.3730555555555615,3.4813888888888886,0.0,0.0,12:51:55.236000,Neutral
251,1517,2019-05-19,0.3076923076923077,6.575833333333337,3.072222222222221,0.0,0.11027777777777778,02:51:14.309000,Neutral
252,1517,2019-05-20,-2.5454545454545454,6.27,0.9327777777777776,0.0,0.07555555555555556,15:33:07.957000,level1
253,1517,2019-05-21,-1.4545454545454546,6.329444444444445,1.815,0.0,0.06861111111111111,03:14:35.659000,level1
254,1517,2019-05-22,-2.083333333333333,10.061666666666667,0.9969444444444446,0.0,0.05583333333333333,13:30:09.210000,level1
255,1518,2019-05-17,1.2727272727272727,8.290277777777778,3.1122222222222216,0.1775,0.0,06:02:12.420000,Excited
256,1518,2019-05-18,-1.0,4.973888888888889,3.3686111111111106,0.031944444444444435,0.6066666666666667,11:15:37.522000,level1
257,1518,2019-05-20,-0.8333333333333334,6.07277777777778,4.243611111111111,0.0,0.0,12:31:25.838000,Neutral
258,1518,2019-05-21,-0.3076923076923077,11.334166666666668,3.9166666666666674,0.17277777777777778,0.0,06:48:02.435000,Neutral
259,1518,2019-05-22,-1.6666666666666667,6.738611111111116,3.8622222222222216,0.21444444444444444,0.3447222222222222,10:08:49.376000,level1
260,1519,2019-05-16,-0.4615384615384616,5.626388888888887,0.7305555555555556,0.0,0.0,02:55:57.813000,Neutral
261,1519,2019-05-17,-2.0,6.356666666666667,0.9733333333333332,0.0,0.008055555555555555,06:26:30.325000,level1
262,1519,2019-05-18,1.2727272727272727,5.7141666666666655,1.3252777777777778,0.021111111111111112,0.04638888888888889,11:14:17.132000,Excited
263,1519,2019-05-19,1.8888888888888888,3.5622222222222217,0.9338888888888888,0.0,0.0,12:25:42.462000,Excited
264,1519,2019-05-20,-3.5454545454545454,3.0197222222222213,0.38916666666666666,0.0,0.0,18:08:06.916000,level2
265,1519,2019-05-21,-0.16666666666666666,7.635277777777786,0.4613888888888889,0.0,0.06416666666666666,10:22:44.379000,Neutral
266,1519,2019-05-22,-4.4,6.314444444444447,1.6025,0.0,0.0,18:51:21.651000,level2
267,1520,2019-05-16,1.1666666666666667,6.436944444444456,2.401666666666667,0.0,0.0,03:01:48.479000,Excited
268,1520,2019-05-17,1.7777777777777777,2.3463888888888875,1.9244444444444444,0.0,0.0,09:45:06.557000,Excited
269,1520,2019-05-18,-0.6666666666666666,6.3575000000000035,0.21027777777777776,0.0,0.0,11:33:12.172000,Neutral
270,1520,2019-05-19,0.1111111111111111,6.516666666666671,1.7049999999999998,0.0,0.295,10:08:05.395000,Neutral
271,1520,2019-05-20,1.6923076923076923,4.621111111111117,3.2008333333333336,0.0,0.0,15:36:00.918000,Excited
272,1520,2019-05-21,-0.2,8.250277777777779,2.185833333333333,0.0,0.0,17:36:40.941000,Neutral
273,1520,2019-05-22,1.0,6.240555555555563,2.2013888888888893,0.0,0.019722222222222214,05:02:44.667000,Neutral
274,1521,2019-05-17,-1.8666666666666667,6.086944444444442,3.4958333333333336,0.10444444444444444,0.11777777777777775,04:52:46.523000,level1
275,1521,2019-05-18,-1.3,5.749166666666667,0.9738888888888888,0.08083333333333333,0.0,06:36:53.748000,level1
276,1521,2019-05-19,-0.38461538461538464,5.642500000000003,1.6166666666666667,0.04944444444444445,0.0,15:25:18.329000,Neutral
277,1521,2019-05-20,-1.0833333333333333,5.508055555555557,1.0755555555555554,0.017777777777777778,0.0,07:44:04.329000,level1
278,1521,2019-05-21,0.38461538461538464,6.500833333333333,1.3697222222222218,0.02861111111111111,0.05416666666666667,09:35:45.012000,Neutral
279,1521,2019-05-22,2.272727272727273,8.936666666666673,1.2258333333333329,0.006944444444444444,0.01527777777777778,06:35:54.733000,Excited
280,1522,2019-05-17,-1.0,3.5611111111111127,1.600833333333333,0.13555555555555554,0.2661111111111111,08:25:08.641000,level1
281,1522,2019-05-18,1.7,5.059444444444444,2.783333333333333,0.014722222222222222,0.3047222222222222,06:23:13.999000,Excited
282,1522,2019-05-19,2.5,7.8597222222222225,2.3341666666666665,0.0,0.03555555555555556,07:37:47.347000,Excited
283,1522,2019-05-20,0.6,8.330833333333336,1.4072222222222224,0.02944444444444445,0.3611111111111111,06:33:30.919000,Neutral
284,1522,2019-05-21,-2.769230769230769,11.406111111111116,2.586388888888889,0.19888888888888887,0.5838888888888889,07:12:42.496000,level1
285,1522,2019-05-22,-1.2222222222222223,8.316944444444442,1.718055555555556,0.0,0.2544444444444445,04:16:00.391000,level1
286,1523,2019-05-17,0.8571428571428571,6.329722222222225,1.2755555555555558,0.0,0.0,08:35:22.680000,Neutral
287,1523,2019-05-18,2.0625,2.5280555555555564,0.3744444444444445,0.0,0.0,09:36:30.458000,Excited
288,1523,2019-05-19,1.3571428571428572,1.846111111111112,0.3883333333333333,0.0,0.0,11:44:37.222000,Excited
289,1523,2019-05-20,-0.07142857142857142,7.0341666666666685,1.2724999999999995,0.0,0.0,12:14:12.899000,Neutral
290,1523,2019-05-21,1.1428571428571428,2.9605555555555565,0.6044444444444445,0.0,0.0,11:03:05.905000,Excited
291,1523,2019-05-22,0.6470588235294118,8.749444444444448,1.8997222222222223,0.0,0.0,11:15:45.966000,Neutral
292,1525,2019-05-17,2.090909090909091,3.854722222222224,1.231388888888889,0.0125,0.9869444444444444,10:55:48.807000,Excited
293,1525,2019-05-18,1.4285714285714286,8.05166666666667,0.7794444444444446,0.0,0.3622222222222222,12:30:40.876000,Excited
294,1525,2019-05-19,3.2307692307692317,7.206944444444451,0.3047222222222223,0.0,0.0,07:55:27.575000,Excited
295,1525,2019-05-20,0.16666666666666666,5.771944444444451,1.6283333333333332,0.0,0.2330555555555556,03:53:04.374000,Neutral
296,1525,2019-05-21,1.0,8.019722222222235,1.6800000000000002,0.0,0.4733333333333333,10:58:54.569000,Neutral
297,1525,2019-05-22,0.4166666666666667,6.5205555555555605,1.5933333333333335,0.0,0.5366666666666666,09:46:53.672000,Neutral
298,1526,2019-05-17,-2.363636363636364,3.6427777777777792,1.0366666666666666,0.0,0.44,15:37:34.633000,level1
299,1526,2019-05-18,-1.9230769230769231,3.9113888888888884,0.7119444444444444,0.0,0.3191666666666667,10:50:09.355000,level1
300,1526,2019-05-19,-1.3,4.161111111111111,1.0080555555555557,0.0,0.3269444444444445,18:44:27.813000,level1
301,1526,2019-05-20,-1.7142857142857142,4.112222222222224,2.2800000000000007,0.0,0.6372222222222222,03:17:08.746000,level1
302,1526,2019-05-21,2.1,2.652777777777777,0.8491666666666666,0.0,0.3552777777777777,10:23:12.208000,Excited
303,1526,2019-05-22,0.17647058823529413,4.685833333333336,1.6644444444444448,0.0,0.8372222222222222,11:30:37.821000,Neutral
304,1527,2019-05-17,2.2,9.59416666666667,1.6024999999999998,0.4263888888888889,0.08388888888888889,09:18:14.190000,Excited
305,1527,2019-05-18,3.25,8.546666666666674,3.709166666666667,0.0,1.5633333333333337,11:30:50.667000,Excited
306,1527,2019-05-19,3.4285714285714284,12.58,2.806944444444445,0.3172222222222222,0.0,08:22:30.593000,Excited
307,1527,2019-05-20,1.7,10.839444444444444,3.4911111111111115,0.034444444444444444,0.2897222222222222,10:29:12.008000,Excited
308,1527,2019-05-21,2.375,8.12027777777778,2.3997222222222216,0.0,0.4227777777777778,12:41:33.308000,Excited
309,1527,2019-05-22,3.0,10.177777777777766,1.6088888888888888,0.10027777777777776,0.8911111111111109,12:11:03.448000,Excited
310,1541,2019-05-16,0.9166666666666666,3.424444444444444,0.5683333333333334,0.0,0.0,03:15:09.490000,Neutral
311,1541,2019-05-17,-0.8333333333333334,3.696944444444444,1.3191666666666666,0.03055555555555556,0.0,14:06:03.570000,Neutral
312,1541,2019-05-18,2.4166666666666665,2.049444444444444,0.4249999999999999,0.0,0.0,23:08:07.560000,Excited
313,1541,2019-05-19,2.0714285714285716,6.470833333333335,1.05,0.016666666666666666,0.0,13:36:01.086000,Excited
314,1541,2019-05-20,2.1875,6.17916666666667,2.175,0.0,0.0,10:07:58.127000,Excited
315,1541,2019-05-21,0.8,4.283055555555556,1.6116666666666666,0.021111111111111112,0.0,11:11:59.667000,Neutral
316,1541,2019-05-22,0.42857142857142855,6.417777777777783,2.4713888888888893,0.02777777777777778,0.0,08:21:05.933000,Neutral
317,1541,2019-05-23,-0.4444444444444444,0.0,0.0,0.0,0.0,08:45:00.619000,Neutral
318,3001,2019-05-01,0.8,8.88527777777776,4.094444444444443,0.0,0.0,10:09:21.044000,Neutral
319,3001,2019-05-02,0.7142857142857143,4.477500000000006,2.4572222222222218,0.0,0.0,12:00:59.761000,Neutral
320,3001,2019-05-03,0.1111111111111111,5.676944444444449,1.243888888888889,0.0,0.13555555555555554,07:14:25.385000,Neutral
321,3001,2019-05-04,0.6363636363636364,7.738055555555558,0.4494444444444444,0.0,0.011944444444444443,12:18:17.770000,Neutral
322,3001,2019-05-05,0.2,7.25138888888889,0.18388888888888888,0.0,0.0,11:03:07.800000,Neutral
323,3001,2019-05-06,0.25,6.673888888888893,0.8913888888888889,0.0,0.008333333333333333,09:16:54.447000,Neutral
324,3002,2019-05-01,-0.7272727272727273,5.605833333333337,3.385,0.0,0.0,06:56:29.513000,Neutral
325,3002,2019-05-02,1.8,4.883055555555567,5.3994444444444465,0.0,0.0,07:13:12.517000,Excited
326,3002,2019-05-03,1.4615384615384617,10.134444444444442,3.1211111111111114,0.0,0.0,06:07:18.181000,Excited
327,3002,2019-05-04,2.4285714285714284,4.343333333333342,6.393055555555552,0.0,0.0,11:44:02.868000,Excited
328,3002,2019-05-05,0.375,15.501944444444447,2.501111111111112,0.0,0.0,09:40:10.593000,Neutral
329,3002,2019-05-06,-1.1428571428571428,3.793333333333333,0.3922222222222222,0.0,0.0,10:48:10.458000,level1
330,3003,2019-04-30,3.0,6.540277777777778,1.9538888888888888,0.0,0.0,04:18:09.618000,Excited
331,3003,2019-05-01,-1.6666666666666667,7.4222222222222225,1.82,0.0,0.3683333333333333,06:39:11.730000,level1
332,3003,2019-05-02,-0.8888888888888888,8.414444444444445,1.0825,0.03305555555555555,0.24777777777777776,14:12:09.650000,Neutral
333,3003,2019-05-03,1.2,3.900277777777777,1.6427777777777781,0.0,0.3636111111111111,06:21:52.680000,Excited
334,3003,2019-05-04,2.5,13.5875,0.7922222222222223,0.0,0.0,20:10:35.390000,Excited
335,3003,2019-05-05,3.333333333333333,11.460833333333332,0.9569444444444444,0.0,0.008888888888888889,12:09:17.112000,Excited
336,3003,2019-05-06,0.0,5.273611111111111,0.12416666666666665,0.0,0.0,18:10:32.006000,Neutral
337,3005,2019-04-30,1.4,10.248333333333333,2.0230555555555547,0.0,0.0,02:44:00.518000,Excited
338,3005,2019-05-01,1.7333333333333334,9.103611111111118,2.1091666666666664,0.007222222222222222,0.0,04:55:40.338000,Excited
339,3005,2019-05-02,-0.4545454545454545,12.118055555555555,0.6580555555555556,0.0,0.0,14:37:00.055000,Neutral
340,3005,2019-05-03,1.9,12.0075,0.5950000000000001,0.0,0.0,15:20:22.567000,Excited
341,3005,2019-05-04,1.8181818181818181,13.529722222222222,0.08,0.0,0.0,19:05:17.233000,Excited
342,3005,2019-05-05,3.8333333333333335,15.405555555555555,0.4688888888888889,0.0,0.0,18:47:54.965000,Excited
343,3005,2019-05-06,3.7142857142857135,5.132222222222224,1.7816666666666665,0.0,0.0,18:25:46.552000,Excited
344,3007,2019-05-01,-5.666666666666668,5.115555555555555,3.208611111111111,0.013611111111111109,0.0,03:10:10.450000,level3
345,3007,2019-05-02,-1.5714285714285714,3.184166666666668,3.0994444444444444,0.0,0.0,06:51:56.930000,level1
346,3007,2019-05-03,0.8,5.773333333333339,2.488611111111112,0.0,0.05194444444444445,05:31:30.940000,Neutral
347,3007,2019-05-04,0.9090909090909092,2.806666666666666,3.7722222222222235,0.0,0.031944444444444435,11:34:08.011000,Neutral
348,3007,2019-05-05,-3.7,3.8677777777777798,0.5555555555555555,0.0,0.0,08:02:12.082000,level2
349,3007,2019-05-06,0.625,3.9719444444444463,2.436944444444445,0.0,0.0,07:19:26.990000,Neutral
350,3009,2019-05-01,1.6153846153846154,7.487499999999994,1.825555555555556,0.0,0.0,12:33:00.793000,Excited
351,3009,2019-05-02,-0.35294117647058826,5.398888888888887,3.1227777777777765,0.0,0.0,11:38:04.632000,Neutral
352,3009,2019-05-03,-1.0,9.988611111111107,1.8061111111111108,0.0,0.0,08:05:43.453000,level1
353,3009,2019-05-04,-0.14285714285714285,3.152777777777779,0.9361111111111112,0.0,0.0,06:03:04.245000,Neutral
354,3010,2019-05-01,2.75,4.762500000000006,1.6238888888888892,0.021111111111111112,0.4411111111111111,07:02:14.778000,Excited
355,3011,2019-05-01,0.75,4.0322222222222255,1.5930555555555557,0.0,0.07916666666666666,08:21:50.097000,Neutral
356,3011,2019-05-02,1.0,3.5369444444444462,1.3613888888888892,0.0,0.2980555555555556,06:28:01.919000,Neutral
357,3011,2019-05-03,2.142857142857143,2.851111111111112,5.2444444444444445,0.0,0.13305555555555554,11:19:06.154000,Excited
358,3011,2019-05-04,4.333333333333333,2.101111111111112,1.6061111111111113,0.021666666666666667,0.26805555555555555,12:59:31.504000,Excited
359,3011,2019-05-05,2.1666666666666665,2.920833333333333,1.7069444444444442,0.0,0.05861111111111113,13:52:10.455000,Excited
360,3011,2019-05-06,2.0,2.455555555555556,0.355,0.0,0.05388888888888889,13:43:39.327000,Excited
361,3012,2019-05-01,-1.3,6.417500000000001,0.9719444444444444,0.0,0.1436111111111111,09:34:18.056000,level1
362,3012,2019-05-02,1.8888888888888888,4.4330555555555575,2.2155555555555564,0.0,0.32,09:55:43.513000,Excited
363,3012,2019-05-03,0.6,4.834444444444445,2.3188888888888894,0.014722222222222222,0.26361111111111113,08:57:10.118000,Neutral
364,3012,2019-05-04,0.7,5.1705555555555565,2.1927777777777773,0.0,0.195,07:22:53.258000,Neutral
365,3012,2019-05-05,1.625,10.158611111111114,0.6566666666666666,0.0,0.44416666666666665,09:26:56.834000,Excited
366,3012,2019-05-06,0.5,7.066666666666683,1.1686111111111108,0.0,0.08944444444444444,14:34:53.907000,Neutral
367,3013,2019-05-01,0.875,5.235000000000002,2.5063888888888894,0.0033333333333333327,0.0,09:40:22.631000,Neutral
368,3013,2019-05-02,0.5,6.818888888888887,1.1577777777777778,0.0,0.0,07:49:10.888000,Neutral
369,3013,2019-05-03,3.125,6.603055555555552,1.8497222222222225,0.0,0.1925,08:26:14.006000,Excited
370,3013,2019-05-04,2.5,7.954722222222222,1.3905555555555555,0.0,0.05111111111111112,06:51:05.990000,Excited
371,3013,2019-05-05,1.3076923076923077,7.399722222222228,0.5700000000000001,0.0,0.022222222222222227,05:28:15.728000,Excited
372,3013,2019-05-06,-1.1666666666666667,7.061388888888887,0.7019444444444445,0.0,0.0,14:37:30.749000,level1
373,3014,2019-05-01,0.9,7.000000000000008,1.4286111111111108,0.0,0.2938888888888889,07:05:29.751000,Neutral
374,3015,2019-05-01,1.3076923076923077,3.5005555555555583,2.528333333333334,0.04194444444444445,0.10277777777777776,10:10:46.782000,Excited
375,3015,2019-05-02,-0.35714285714285715,3.1894444444444456,1.3844444444444444,0.0,0.034722222222222224,08:46:56.234000,Neutral
376,3015,2019-05-03,0.3333333333333333,3.8302777777777774,1.1419444444444449,0.0,0.4991666666666668,09:17:56.137000,Neutral
377,3015,2019-05-04,-3.4545454545454546,4.308888888888892,0.6327777777777779,0.034166666666666665,0.04638888888888889,09:14:45.902000,level2
378,3015,2019-05-05,-1.6111111111111112,6.2538888888888895,1.0544444444444443,0.0,0.11277777777777775,12:40:56.377000,level1
379,3015,2019-05-06,-1.7727272727272727,3.756388888888889,2.154166666666667,0.0,0.015,05:55:04.288000,level1
380,3016,2019-04-30,0.8,5.001388888888886,2.018333333333333,0.014444444444444444,0.4444444444444444,02:53:34.137000,Neutral
381,3016,2019-05-01,0.75,2.253611111111112,1.1999999999999995,0.0,0.03,07:33:05.276000,Neutral
382,3016,2019-05-02,3.25,2.708333333333336,2.001388888888889,0.0,0.1313888888888889,13:56:16.230000,Excited
383,3016,2019-05-03,2.4285714285714284,2.9327777777777766,1.2216666666666671,0.0125,0.0,14:10:03.786000,Excited
384,3016,2019-05-04,1.2857142857142858,9.205555555555557,0.2061111111111112,0.0,0.0,15:58:59.535000,Excited
385,3016,2019-05-05,5.3125,4.4988888888888905,2.131944444444444,0.0,0.021111111111111112,16:17:20.844000,Excited
386,3016,2019-05-06,3.5,3.8425000000000016,1.5230555555555554,0.0,0.2313888888888889,10:36:26.635000,Excited
387,3017,2019-05-01,0.5,5.9202777777777875,1.3263888888888888,0.0,0.09361111111111113,12:18:57.186000,Neutral
388,3017,2019-05-02,1.6,13.713888888888887,1.8825000000000005,0.029166666666666667,0.0,04:15:21.484000,Excited
389,3017,2019-05-03,-3.0,8.163333333333336,1.705,0.021388888888888888,0.0,02:36:03.027000,level2
390,3017,2019-05-04,2.0,9.129722222222227,1.9283333333333328,0.0,0.012222222222222223,14:55:36.697000,Excited
391,3017,2019-05-06,1.3636363636363635,4.444999999999999,1.4958333333333331,0.0033333333333333327,0.0275,14:07:56.281000,Excited
392,3018,2019-05-01,-1.7857142857142858,7.5752777777777816,1.1330555555555557,0.0,0.4938888888888889,11:24:56.692000,level1
393,3018,2019-05-02,-0.9333333333333332,7.376388888888893,1.262222222222222,0.0,0.4991666666666666,09:36:06.701000,Neutral
394,3018,2019-05-03,5.769230769230767,3.992500000000003,3.8194444444444446,0.04083333333333333,0.5272222222222223,05:25:34.736000,Excited
395,3018,2019-05-04,1.5,5.558055555555558,1.4019444444444444,0.0,0.0675,12:01:32.928000,Excited
396,3018,2019-05-05,2.5,4.6466666666666665,4.702777777777778,0.058888888888888886,0.021388888888888888,11:19:30.167000,Excited
397,3018,2019-05-06,3.0769230769230766,2.8597222222222243,3.501388888888889,0.0,0.21722222222222226,09:42:06.609000,Excited
398,3019,2019-05-01,1.8571428571428568,3.7838888888888897,0.6908333333333333,0.0,0.3694444444444445,11:40:09.794000,Excited
399,3019,2019-05-02,-1.1666666666666667,3.3330555555555663,0.6272222222222222,0.0,0.0,10:00:46.176000,level1
400,3019,2019-05-03,-0.4615384615384616,5.283055555555554,1.1741666666666666,0.0,0.0,07:39:30.439000,Neutral
401,3019,2019-05-04,0.07692307692307693,2.396944444444444,1.7397222222222226,0.04611111111111111,0.0,08:08:12.616000,Neutral
402,3019,2019-05-05,0.7272727272727273,2.843611111111111,1.4625000000000004,0.0,0.0,16:04:58.132000,Neutral
403,3019,2019-05-06,-0.4166666666666667,2.0238888888888886,0.05666666666666665,0.0,0.0,09:48:20.582000,Neutral
404,3021,2019-05-01,-0.5555555555555556,9.7775,2.803888888888889,0.0,0.16055555555555556,04:04:27.693000,Neutral
405,3021,2019-05-02,-2.083333333333333,9.873333333333337,1.8169444444444447,0.0,0.1025,04:49:57.525000,level1
406,3021,2019-05-03,-4.75,10.91,1.4591666666666667,0.0,0.0,06:07:37.627000,level2
407,3021,2019-05-04,-1.7,9.27916666666667,3.8888888888888884,0.0,0.0,05:11:18.810000,level1
408,3021,2019-05-05,-1.75,8.03416666666667,5.165277777777776,0.0,0.0,05:06:54.582000,level1
409,3021,2019-05-06,-3.25,4.41361111111111,2.8869444444444445,0.0,0.0,05:57:36.416000,level2
410,3022,2019-05-01,-0.75,6.341944444444449,2.05,0.008333333333333333,0.005833333333333335,08:58:48.411000,Neutral
411,3022,2019-05-02,-0.2727272727272727,6.316111111111116,1.5947222222222224,0.0,0.0,11:39:49.594000,Neutral
412,3022,2019-05-03,2.8461538461538463,4.743333333333337,2.335833333333333,0.03083333333333333,0.0975,08:27:40.290000,Excited
413,3022,2019-05-04,3.7142857142857135,6.084722222222228,2.4638888888888895,0.0,0.0,11:23:00.862000,Excited
414,3022,2019-05-05,3.7,3.096388888888889,0.5752777777777779,0.0125,0.0125,06:02:27.321000,Excited
415,3022,2019-05-06,2.5714285714285716,5.2377777777777865,2.0175,0.0,0.02527777777777777,14:37:23.739000,Excited
416,3023,2019-05-04,-2.2,2.4150000000000005,2.2722222222222217,0.0,0.0,11:38:34.624000,level1
417,3023,2019-05-05,-2.0,4.47027777777778,5.630000000000003,0.0,0.10611111111111113,14:39:41.740000,level1
418,3023,2019-05-06,0.125,5.068333333333333,3.6894444444444434,0.05166666666666666,0.14305555555555555,03:33:46.015000,Neutral
419,3024,2019-05-01,-0.6363636363636364,0.5797222222222221,0.3194444444444444,0.0,0.0,02:34:14.421000,Neutral
420,3024,2019-05-03,1.0,2.0047222222222216,1.0286111111111111,0.0,0.0,09:27:15.991000,Neutral
421,3025,2019-05-01,3.3125,7.869444444444448,2.5175,0.0,0.0,17:40:25.751000,Excited
422,3025,2019-05-02,0.8571428571428571,6.499166666666671,1.9877777777777776,0.0,0.19111111111111112,07:56:33.679000,Neutral
423,3025,2019-05-03,0.8888888888888888,6.441388888888893,1.9213888888888888,0.0,0.30166666666666664,06:07:21.616000,Neutral
424,3025,2019-05-04,0.4666666666666667,5.2091666666666665,3.216388888888889,0.0,0.008611111111111111,08:36:48.446000,Neutral
425,3025,2019-05-05,1.1176470588235294,7.513333333333337,1.8716666666666668,0.0,0.0,14:25:37.969000,Excited
426,3025,2019-05-06,2.2857142857142856,3.8477777777777766,2.7780555555555555,0.0,0.13444444444444445,06:09:31.856000,Excited
427,3027,2019-04-30,-0.25,4.1766666666666685,1.5136111111111112,0.0,0.016666666666666666,03:27:03.778000,Neutral
428,3027,2019-05-01,0.3636363636363637,3.5069444444444464,1.5363888888888892,0.0,0.0125,10:54:53.531000,Neutral
429,3027,2019-05-02,2.4285714285714284,1.3216666666666668,0.8963888888888888,0.0,0.0,15:34:14.834000,Excited
430,3027,2019-05-03,-0.08333333333333333,1.037222222222222,0.0,0.0,0.0,21:51:40.417000,Neutral
431,3027,2019-05-04,-0.1,1.8452777777777791,0.5988888888888888,0.0,0.0,20:39:26.355000,Neutral
432,3028,2019-05-01,1.1538461538461535,6.298888888888887,4.436944444444444,0.020277777777777777,0.0,06:27:03.255000,Excited
433,3028,2019-05-02,0.5454545454545454,4.235277777777782,2.903888888888889,0.0,0.0,03:00:52.719000,Neutral
434,3028,2019-05-03,5.454545454545454,6.020277777777783,2.749166666666666,0.0,0.0,06:39:31.218000,Excited
435,3028,2019-05-04,4.375,3.238611111111111,2.0427777777777774,0.0,0.0,13:05:39.167000,Excited
436,3028,2019-05-05,-1.8,5.662500000000002,3.2427777777777784,0.0,0.1172222222222222,08:49:36.844000,level1
437,3028,2019-05-06,0.0,4.409444444444446,1.165,0.0,0.0,12:17:05.100000,Neutral
438,3029,2019-05-01,0.0,9.464722222222226,1.9038888888888887,0.004166666666666668,0.05416666666666666,05:26:16.942000,Neutral
439,3029,2019-05-02,0.2857142857142857,5.298333333333338,2.265,0.02361111111111111,0.16916666666666666,04:40:55.192000,Neutral
440,3029,2019-05-03,0.15384615384615385,6.737222222222225,0.7963888888888888,0.0,0.11194444444444446,08:41:26.671000,Neutral
441,3029,2019-05-04,0.6,7.657500000000002,2.4377777777777783,0.0,0.0,07:49:17.717000,Neutral
442,3029,2019-05-05,0.0,7.488333333333338,2.5288888888888894,0.0,0.0,07:03:13.782000,Neutral
443,3029,2019-05-06,0.3333333333333333,2.8119444444444435,0.8308333333333333,0.0,0.02666666666666667,08:12:00.163000,Neutral
444,3030,2019-05-01,3.625,4.506944444444452,1.0433333333333332,0.2633333333333333,0.010833333333333334,13:07:20.412000,Excited
445,3030,2019-05-02,2.4545454545454546,5.350000000000005,1.4411111111111112,0.07555555555555556,0.2030555555555556,07:27:10.738000,Excited
446,3030,2019-05-03,2.5,4.936666666666668,2.3277777777777784,0.1477777777777778,0.15833333333333333,07:10:22.369000,Excited
447,3030,2019-05-04,0.6,6.361944444444448,1.4627777777777775,0.0,0.09861111111111112,11:54:09.357000,Neutral
448,3030,2019-05-05,1.0666666666666669,5.48388888888889,0.9158333333333332,0.01611111111111111,0.02083333333333334,08:00:41.551000,Excited
449,3030,2019-05-06,3.5454545454545454,4.426666666666671,1.1269444444444443,0.04583333333333333,0.0125,08:50:52.951000,Excited
450,3041,2019-05-02,-2.25,9.814444444444447,1.7075000000000002,0.02055555555555556,0.0,07:24:15.724000,level1
451,3041,2019-05-03,-5.8888888888888875,5.337777777777778,1.1933333333333334,0.0,0.013611111111111109,07:40:10.923000,level3
452,3041,2019-05-04,3.7777777777777777,4.740277777777776,1.4097222222222223,0.0,0.0,13:11:08.601000,Excited
453,3041,2019-05-05,3.6666666666666665,3.963888888888884,1.085,0.0,0.0,15:55:48.897000,Excited
454,3041,2019-05-06,-1.4285714285714286,3.8591666666666633,0.6025,0.025,0.0,17:56:30.841000,level1
